province,year,dataset,track,article_title,article_url,attachment_url,file_type,status,importer,notes
广东,2025,rank_table,物理类,关于公布广东省2025年普通高考成绩各分数段数据的通知,https://eea.gd.gov.cn/ptgk/content/post_4734345.html,https://eea.gd.gov.cn/attachment/0/583/583759/4734345.zip,zip,imported_pilot,pdf_table_to_csv,物理类分数段统计表已导入assets/pilot-data/guangdong-physics
广东,2025,admission_cutoff,物理类,我省2025年普通高考本科批次正式投档,https://eea.gd.gov.cn/ptgk/content/post_4746781.html,https://eea.gd.gov.cn/attachment/0/585/585886/4746781.pdf,pdf,imported_pilot,pdf_table_to_csv,本科普通类物理投档情况PDF已导入assets/pilot-data/guangdong-physics
广东,2024,rank_table,物理类,关于公布广东省2024年普通高考成绩各分数段数据的通知,https://eea.gd.gov.cn/ptgk/content/post_4445521.html,https://eea.gd.gov.cn/attachment/0/552/552702/4445521.zip,zip,imported_pilot,pdf_table_to_csv,普通类物理分数段统计表已导入assets/pilot-data/guangdong-physics
广东,2024,admission_cutoff,物理类,我省2024年普通高考本科批次正式投档,https://eea.gd.gov.cn/ptgk/content/post_4458330.html,https://eea.gd.gov.cn/attachment/0/554/554636/4458330.zip,zip,imported_pilot,pdf_table_to_csv,本科普通类物理投档情况已导入assets/pilot-data/guangdong-physics
广东,2023,rank_table,物理类,关于公布广东省2023年普通高考成绩各分数段数据的通知,https://eea.gd.gov.cn/ptgk/content/post_4207232.html,https://eea.gd.gov.cn/attachment/0/524/524378/4207232.pdf,pdf,imported_pilot,ocr_scanned_rank_pdf_macos,物理类第15-28页经macOS Vision OCR导入assets/pilot-data/guangdong-physics
广东,2023,admission_cutoff,物理类,我省2023年普通高考本科批次正式投档,https://eea.gd.gov.cn/ptgk/content/post_4221648.html,https://eea.gd.gov.cn/attachment/0/526/526559/4221648.zip,zip,imported_pilot,pdf_table_to_csv,本科普通类物理投档情况已导入assets/pilot-data/guangdong-physics
广东,2025,major_admission,物理类,华南理工大学历年录取分数线,https://admission.scut.edu.cn/30821/list.htm,https://admission.scut.edu.cn/_web/_apps/commonquery/commonquery/api/commonqueryCacheResult/16.rst,html,imported,import_scut_major_scores,学校官网专业录取分数；导入2025年广东物理类29行；min_rank由同年分数段表按最低分补齐
广东,2024,major_admission,物理类,华南理工大学历年录取分数线,https://admission.scut.edu.cn/30821/list.htm,https://admission.scut.edu.cn/_web/_apps/commonquery/commonquery/api/commonqueryCacheResult/16.rst,html,imported,import_scut_major_scores,学校官网专业录取分数；导入2024年广东物理类47行；min_rank由同年分数段表按最低分补齐
广东,2023,major_admission,物理类,华南理工大学历年录取分数线,https://admission.scut.edu.cn/30821/list.htm,https://admission.scut.edu.cn/_web/_apps/commonquery/commonquery/api/commonqueryCacheResult/16.rst,html,imported,import_scut_major_scores,学校官网专业录取分数；导入2023年广东物理类51行；min_rank由同年分数段表按最低分补齐
广东,2025,major_admission,物理类,暨南大学2025年在广东录取分数线,https://zsb.jnu.edu.cn/2026/0331/c33879a852689/page.htm,https://zsb.jnu.edu.cn/2026/0331/c33879a852689/page.htm,html,imported,import_jnu_major_scores,学校官网专业录取分数；导入2025年广东物理类93行；含官网最低排位
广东,2024,major_admission,物理类,暨南大学2024年在广东录取分数线,https://zsb.jnu.edu.cn/2025/0307/c33879a831322/page.htm,https://zsb.jnu.edu.cn/2025/0307/c33879a831322/page.htm,html,imported,import_jnu_major_scores,学校官网专业录取分数；导入2024年广东物理类88行；含官网最低排位
广东,2023,major_admission,物理类,暨南大学2023年在广东录取分数线,https://zsb.jnu.edu.cn/2024/0410/c33879a810398/page.htm,https://zsb.jnu.edu.cn/2024/0410/c33879a810398/page.htm,html,imported,import_jnu_major_scores,学校官网专业录取分数；导入2023年广东物理类91行；min_rank由同年分数段表按最低分补齐
广东,2025,major_admission,物理类,深圳大学广东录取数据,https://zs.szu.edu.cn/info/1153/2985.htm,https://zs.szu.edu.cn/info/1153/2985.htm,html,imported,import_szu_major_scores,学校官网专业录取分数；导入2025年广东物理类95行；含普通类、中外合作办学、地方专项
广东,2024,major_admission,物理类,深圳大学广东录取数据,https://zs.szu.edu.cn/info/1153/2985.htm,https://zs.szu.edu.cn/info/1153/2985.htm,html,imported,import_szu_major_scores,学校官网专业录取分数；导入2024年广东物理类79行；含普通类、中外合作办学、地方专项
广东,2025,major_admission,物理类,南方医科大学往年分数,https://portal.smu.edu.cn/bkzs/bkzn/wnfs.htm,https://portal.smu.edu.cn/aop_component//webber/formquery//data/get/info,json,imported,import_smu_major_scores,学校官网专业录取分数；导入2025年广东物理类55行；min_rank由同年分数段表按最低分补齐
广东,2024,major_admission,物理类,南方医科大学往年分数,https://portal.smu.edu.cn/bkzs/bkzn/wnfs.htm,https://portal.smu.edu.cn/aop_component//webber/formquery//data/get/info,json,imported,import_smu_major_scores,学校官网专业录取分数；导入2024年广东物理类51行；min_rank由同年分数段表按最低分补齐
广东,2023,major_admission,物理类,南方医科大学往年分数,https://portal.smu.edu.cn/bkzs/bkzn/wnfs.htm,https://portal.smu.edu.cn/aop_component//webber/formquery//data/get/info,json,imported,import_smu_major_scores,学校官网专业录取分数；导入2023年广东物理类50行；min_rank由同年分数段表按最低分补齐
广东,2025,major_admission,物理类,广州大学历年分数,https://zsjy.gzhu.edu.cn/bkzn/lnfs2.htm,https://zsjy.gzhu.edu.cn/aop_component//webber/formquery//data/get/info,json,imported,import_gzhu_major_scores,学校官网专业录取分数；导入2025年广东物理类129行；含官网最低位次
广东,2024,major_admission,物理类,广州大学历年分数,https://zsjy.gzhu.edu.cn/bkzn/lnfs2.htm,https://zsjy.gzhu.edu.cn/aop_component//webber/formquery//data/get/info,json,imported,import_gzhu_major_scores,学校官网专业录取分数；导入2024年广东物理类119行；含官网最低位次
广东,2023,major_admission,物理类,广州大学历年分数,https://zsjy.gzhu.edu.cn/bkzn/lnfs2.htm,https://zsjy.gzhu.edu.cn/aop_component//webber/formquery//data/get/info,json,imported,import_gzhu_major_scores,学校官网专业录取分数；导入2023年广东物理类86行；含官网最低位次
广东,2025,major_admission,物理类,华南师范大学广东省录取情况一览表,https://zsb.scnu.edu.cn/a/20260105/721.html,https://statics.scnu.edu.cn/pics/zsb/2026/0605/1780625285776000.pdf,pdf,imported,import_scnu_major_scores,学校官网PDF专业录取分数；导入2025年广东物理类81行；含普通类、地方专项
广东,2024,major_admission,物理类,华南师范大学广东省录取情况一览表,https://zsb.scnu.edu.cn/a/20250127/672.html,http://statics.scnu.edu.cn/pics/zsb/2025/0324/1742785853590789.pdf,pdf,imported,import_scnu_major_scores,学校官网PDF专业录取分数；导入2024年广东物理类71行；含普通类、地方专项
广东,2023,major_admission,物理类,华南师范大学广东省录取情况一览表,https://zsb.scnu.edu.cn/a/20240124/630.html,http://statics.scnu.edu.cn/pics/zsb/2024/0623/1719105671432739.pdf,pdf,imported,import_scnu_major_scores,学校官网PDF专业录取分数；导入2023年广东物理类78行；含普通类、地方专项
广东,2024,major_admission,物理类,广东金融学院2024年广东省普通高考本科招生专业录取分数统计表,https://xxgk.gduf.edu.cn/xxgklm/zsksxx/lqjg.htm,https://xxgk.gduf.edu.cn/xxgklm/zsksxx/lqjg.htm,image,imported,import_gduf_major_scores,学校官网图片OCR专业录取分数；导入2024年广东物理类59行；含普通类、国际班、地方专项
广东,2023,major_admission,物理类,广东金融学院2023年广东省普通高考本科招生专业录取分数统计表,https://xxgk.gduf.edu.cn/xxgklm/zsksxx/lqjg.htm,https://xxgk.gduf.edu.cn/xxgklm/zsksxx/lqjg.htm,image,imported,import_gduf_major_scores,学校官网图片OCR专业录取分数；导入2023年广东物理类55行；含普通类、国际班、地方专项
广东,2025,major_admission,物理类,广东财经大学2025年广东省各专业录取情况（物理类）,https://zsb.gdufe.edu.cn/2026/0530/c11400a239654/page.htm,https://zsb.gdufe.edu.cn/_upload/article/files/94/b2/ed28551a41dd9a23c1f56ab68757/f536d1a9-7075-46ca-badc-a68f691d98d5.pdf,pdf,imported,import_gdufe_major_scores,学校官网PDF专业录取分数；导入2025年广东物理类90行；含普通类、中外联合培养项目、地方专项
广东,2024,major_admission,物理类,广东财经大学2024年广东省各专业录取情况（物理类）,https://zsb.gdufe.edu.cn/2025/0103/c11400a215359/page.htm,https://zsb.gdufe.edu.cn/_upload/article/files/e8/35/68b02b1a4affb75280ce60ec7491/2fbc205e-a9d7-4b2d-baf6-9c8622ceb07f.pdf,pdf,imported,import_gdufe_major_scores,学校官网PDF专业录取分数；导入2024年广东物理类76行；含普通类、中外联合培养项目、地方专项
广东,2023,major_admission,物理类,广东财经大学2023年广东省物理类各专业录取情况表,https://zsb.gdufe.edu.cn/2023/1124/c11400a184244/page.htm,https://zsb.gdufe.edu.cn/_upload/article/images/ff/e8/639a15854f229195c499d41f5b1f/ef64c2b4-f7e6-43ee-b42e-821b33a2e87b_d.jpg,image,imported,import_gdufe_major_scores,学校官网图片OCR专业录取分数；导入2023年广东物理类75行；含普通类、中外联合培养项目、地方专项
广东,2025,major_admission,物理类,广东工业大学2025年广东省录取情况,https://zsb.gdut.edu.cn/xxcx/lqsj/n2025/gd.htm,https://zsb.gdut.edu.cn/__local/1/80/65/150DBF2C78758B86B16AFC92039_A570209E_22799C.png,image,imported,import_gdut_major_scores,学校官网图片OCR专业录取分数；导入2025年广东物理类129行；含普通类、国际班、地方专项；艺术类未并入
广东,2024,major_admission,物理类,广东工业大学2024年广东省录取情况,https://zsb.gdut.edu.cn/xxcx/lqsj/a2024nlqqk/gd.htm,https://zsb.gdut.edu.cn/__local/6/49/A0/1F5AE2F460E6C0CC242105866F7_5F231CA1_120743.png,image,imported,import_gdut_major_scores,学校官网图片OCR专业录取分数；导入2024年广东物理类119行；含普通类、国际班、地方专项；艺术类未并入
广东,2023,major_admission,物理类,广东工业大学2023年广东省录取情况,https://zsb.gdut.edu.cn/xxcx/lqsj/a2023nlqqk/gd.htm,https://zsb.gdut.edu.cn/__local/8/47/63/45B803059691DD189795FE10B83_CCB90453_124F11.png,image,imported,import_gdut_major_scores,学校官网图片OCR专业录取分数；导入2023年广东物理类100行；含普通类、国际班、地方专项；艺术类未并入
广东,2025,major_admission,物理类,广东外语外贸大学历年分数,https://zsxc.gdufs.edu.cn/zsxx/zsw/lnfs.html,https://zsxc.gdufs.edu.cn/zsxx/f/ajax_lnfs,json,imported,import_gdufs_major_scores,学校官网招生系统专业录取分数；导入2025年广东物理类38行；含普通类、合作办学、地方专项计划
广东,2024,major_admission,物理类,广东外语外贸大学历年分数,https://zsxc.gdufs.edu.cn/zsxx/zsw/lnfs.html,https://zsxc.gdufs.edu.cn/zsxx/f/ajax_lnfs,json,imported,import_gdufs_major_scores,学校官网招生系统专业录取分数；导入2024年广东物理类46行；含普通类、合作办学、地方专项计划
广东,2023,major_admission,物理类,广东外语外贸大学历年分数,https://zsxc.gdufs.edu.cn/zsxx/zsw/lnfs.html,https://zsxc.gdufs.edu.cn/zsxx/f/ajax_lnfs,json,imported,import_gdufs_major_scores,学校官网招生系统专业录取分数；导入2023年广东物理类49行；含普通类、合作办学、地方专项计划
广东,2025,major_admission,物理类,中山大学历年分数,https://admission.sysu.edu.cn/zsw/lnfs.html,https://admission.sysu.edu.cn/f/ajax_lnfs,json,imported,import_sysu_major_scores,学校官网招生系统专业录取分数；导入2025年广东物理类69行；含普通录取、高校专项
广东,2024,major_admission,物理类,中山大学历年分数,https://admission.sysu.edu.cn/zsw/lnfs.html,https://admission.sysu.edu.cn/f/ajax_lnfs,json,imported,import_sysu_major_scores,学校官网招生系统专业录取分数；导入2024年广东物理类58行；含普通录取、高校专项
广东,2023,major_admission,物理类,中山大学历年分数,https://admission.sysu.edu.cn/zsw/lnfs.html,https://admission.sysu.edu.cn/f/ajax_lnfs,json,imported,import_sysu_major_scores,学校官网招生系统专业录取分数；导入2023年广东物理类51行；含普通录取、高校专项
广东,2025,major_admission,物理类,广东医科大学2023-2025年广东省普通类专业录取分数线,https://zs.gdmu.edu.cn/info/1036/2717.htm,https://zs.gdmu.edu.cn/__local/8/45/80/42645F3312A6E6DD1ACAB4EADD5_37075660_19C57.png,image,imported,import_gdmu_major_scores,学校官网图片OCR专业录取分数；导入2025年广东物理类43行；普通类
广东,2024,major_admission,物理类,广东医科大学2023-2025年广东省普通类专业录取分数线,https://zs.gdmu.edu.cn/info/1036/2717.htm,https://zs.gdmu.edu.cn/__local/8/45/80/42645F3312A6E6DD1ACAB4EADD5_37075660_19C57.png,image,imported,import_gdmu_major_scores,学校官网图片OCR专业录取分数；导入2024年广东物理类41行；普通类
广东,2023,major_admission,物理类,广东医科大学2023-2025年广东省普通类专业录取分数线,https://zs.gdmu.edu.cn/info/1036/2717.htm,https://zs.gdmu.edu.cn/__local/8/45/80/42645F3312A6E6DD1ACAB4EADD5_37075660_19C57.png,image,imported,import_gdmu_major_scores,学校官网图片OCR专业录取分数；导入2023年广东物理类39行；普通类
广东,2025,major_admission,物理类,广州医科大学2025年广东省各专业录取情况汇总表,https://zs.gzhmu.edu.cn/wnlqfs/lnfs_gd_/a2025n.htm,https://zs.gzhmu.edu.cn/__local/9/06/DD/BB1DC70A4D27421D0F404E95F9C_F4411889_54516.jpg,image,imported,import_gzhmu_major_scores,学校官网图片OCR专业录取分数；导入2025年广东物理类25行；含普通类、地方专项
广东,2024,major_admission,物理类,广州医科大学2024年广东省各专业录取情况汇总表,https://zs.gzhmu.edu.cn/wnlqfs/lnfs_gd_/a2024n.htm,https://zs.gzhmu.edu.cn/__local/8/FB/0D/22D8B86B24AD52295E37535839D_2DD3AD1B_7D48.png,image,imported,import_gzhmu_major_scores,学校官网图片OCR专业录取分数；导入2024年广东物理类25行；含普通类、地方专项
广东,2023,major_admission,物理类,广州医科大学2023年广东省各专业录取情况汇总表,https://zs.gzhmu.edu.cn/wnlqfs/lnfs_gd_/a2023n_.htm,https://zs.gzhmu.edu.cn/__local/A/AA/72/C2E2A43CB50CD6C0D037BF1EEFF_430DF1CE_27595.png,image,imported,import_gzhmu_major_scores,学校官网图片OCR专业录取分数；导入2023年广东物理类14行；含普通类、地方专项
广东,2025,major_admission,物理类,汕头大学2025年历年分数JSON,https://zs.stu.edu.cn/bkzn/lnfs.htm,https://zs.stu.edu.cn/json/2025.txt,json,imported,import_stu_major_scores,学校官网JSON专业录取分数；导入2025年广东物理类98行；含普通类、地方专项、卫生专项；min_rank由同年分数段表补齐
广东,2024,major_admission,物理类,汕头大学2024年历年分数JSON,https://zs.stu.edu.cn/bkzn/lnfs.htm,https://zs.stu.edu.cn/json/2024.txt,json,imported,import_stu_major_scores,学校官网JSON专业录取分数；导入2024年广东物理类85行；含普通类、地方专项、卫生专项；min_rank由同年分数段表补齐
广东,2023,major_admission,物理类,汕头大学2023年历年分数JSON,https://zs.stu.edu.cn/bkzn/lnfs.htm,https://zs.stu.edu.cn/json/2023.txt,json,imported,import_stu_major_scores,学校官网JSON专业录取分数；导入2023年广东物理类72行；含普通类、地方专项、卫生专项；min_rank由同年分数段表补齐
广东,2025,major_admission,物理类,东莞理工学院2025年普通本科招生专业录取情况,https://zsb.dgut.edu.cn/zsdt/1jk1slslcpoj1.xhtml,https://zsb.dgut.edu.cn/zsdt/1jk1slslcpoj1.xhtml,html,imported,import_dgut_major_scores,学校官网HTML专业录取分数；导入2025年广东物理类107行；含普通类、地方专项、粤台联合培养、中外合作；含官网最低排位
广东,2024,major_admission,物理类,东莞理工学院2024年广东省本科批次专业录取情况,https://zsb.dgut.edu.cn/bkszs/lnlq/1ie8bhcep8bul.xhtml,https://zsb.dgut.edu.cn/bkszs/lnlq/1ie8bhcep8bul.xhtml,html,imported,import_dgut_major_scores,学校官网HTML专业录取分数；导入2024年广东物理类93行；含普通类、地方专项、粤台联合培养、中外合作；含官网最低排位
广东,2023,major_admission,物理类,东莞理工学院2023年广东省本科批次专业录取情况,https://zsb.dgut.edu.cn/bkszs/lnlq/1hhbe20ji56vd.xhtml,https://zsb.dgut.edu.cn/bkszs/lnlq/1hhbe20ji56vd.xhtml,html,imported,import_dgut_major_scores,学校官网HTML专业录取分数；导入2023年广东物理类89行；含普通类、地方专项、粤台联合培养、中外合作；含官网最低排位
广东,2025,major_admission,物理类,广东海洋大学2025年各专业投档录取分数情况表（广东省）,https://zsjy.gdou.edu.cn/info/1174/1606.htm,https://zsjy.gdou.edu.cn/info/1174/1606.htm,html,imported,import_gdou_major_scores,学校官网HTML专业投档录取分数；导入2025年广东物理类101行；含普通类、地方专项、中外合作、航海类；含官网最低排位；2023-2024官网附件需验证码下载
广东,2025,major_admission,物理类,五邑大学2025年广东省物理科目组录取情况,https://www.wyu.edu.cn/zsb/info/1025/5750.htm,https://www.wyu.edu.cn/__local/B/E8/23/EEF4783F1552DC912DA2D9A6631_409B9351_14FC3.gif,image,imported,import_wyu_major_scores,学校官网GIF图片表；导入2025年广东物理类59行；含普通类、中外联合培养；专业min_rank按同年分数段表补齐
广东,2024,major_admission,物理类,五邑大学2024年广东省物理科目组录取情况,https://www.wyu.edu.cn/zsb/info/1025/5140.htm,https://www.wyu.edu.cn/__local/D/2A/93/4642DFCFA78931F5E9BD121FAAA_ED10D292_1561D.gif,image,imported,import_wyu_major_scores,学校官网GIF图片表；导入2024年广东物理类46行；含普通类；专业min_rank按同年分数段表补齐
广东,2023,major_admission,物理类,五邑大学2023年广东省物理科目组录取情况,https://www.wyu.edu.cn/zsb/info/1042/4566.htm,https://www.wyu.edu.cn/__local/B/59/E7/BC9B4D381889417838AD34D36EE_75488DE7_D1C3.gif | https://www.wyu.edu.cn/__local/D/0F/59/24C7C13B7639BBC8AF3AF845121_9F32A235_D4A7.gif,image,imported,import_wyu_major_scores,学校官网GIF图片表；导入2023年广东物理类76行；江门市外/江门市内；2023江门市内表按官网图片手工校准；专业min_rank按同年分数段表补齐
广东,2025,major_admission,物理类,华南农业大学广东省物理类2025年录取情况,https://zsb.scau.edu.cn/_s112/2025/1030/c8596a420950/page.psp,https://zsb.scau.edu.cn/_upload/article/images/f1/f9/0e0d78ee4716aa509361ec69b809/ea47a9e5-03af-4492-ab69-9a2d3e843e71_d.jpg,image,imported,import_scau_major_scores,学校官网近三年图片表；导入2025年广东物理类155行；含普通类、提前批、国际班、地方专项；最低分/最低排位已补齐
广东,2024,major_admission,物理类,华南农业大学广东省物理类2025年录取情况,https://zsb.scau.edu.cn/_s112/2025/1030/c8596a420950/page.psp,https://zsb.scau.edu.cn/_upload/article/images/f1/f9/0e0d78ee4716aa509361ec69b809/ea47a9e5-03af-4492-ab69-9a2d3e843e71_d.jpg,image,imported,import_scau_major_scores,学校官网近三年图片表；导入2024年广东物理类124行；官网表发布最低排位，最低分按同年分数段表补齐
广东,2023,major_admission,物理类,华南农业大学广东省物理类2025年录取情况,https://zsb.scau.edu.cn/_s112/2025/1030/c8596a420950/page.psp,https://zsb.scau.edu.cn/_upload/article/images/f1/f9/0e0d78ee4716aa509361ec69b809/ea47a9e5-03af-4492-ab69-9a2d3e843e71_d.jpg,image,imported,import_scau_major_scores,学校官网近三年图片表；导入2023年广东物理类116行；官网表发布最低排位，最低分按同年分数段表补齐
广东,2025,major_admission,物理类,惠州学院2025年广东省本科批物理类录取情况,https://zs.hzu.edu.cn/2025/1118/c4728a272292/page.htm,https://zs.hzu.edu.cn/_upload/article/images/2f/c3/cd6d034041ceb8d73582142e5baf/489aff60-b71a-445f-8e1b-82fea8e77913.png,image,imported,import_hzu_major_scores,学校官网图片表；导入2025年广东物理类本科批46行；含普通类、中外合作；不含专科
广东,2024,major_admission,物理类,惠州学院2024年广东省本科批物理类录取情况,https://zs.hzu.edu.cn/2024/1129/c4728a262630/page.htm,https://zs.hzu.edu.cn/_upload/article/images/17/0b/d5a8f32b4f0fbfd410e60c616a8b/80885c72-97ee-4a83-b4e0-7e68a1c24f22.jpg,image,imported,import_hzu_major_scores,学校官网图片表；导入2024年广东物理类本科批30行；含普通类、中外合作；不含专科
广东,2023,major_admission,物理类,惠州学院2023年广东省本科批录取情况（普通类物理组）,https://zs.hzu.edu.cn/2023/1201/c4728a246725/page.htm,https://zs.hzu.edu.cn/_upload/article/images/eb/af/87efe94c430193f4d830354adc51/e6608bc3-695b-4588-8ddf-e44eb9a305f5.png,image,imported,import_hzu_major_scores,学校官网图片表；导入2023年广东物理类本科批40行；含普通类、中外合作；不含专科
广东,2025,major_admission,物理类,广东第二师范学院2025年普高广东省本科专业志愿组各专业录取成绩统计表,https://web.gdei.edu.cn/zsb/2025/1106/c58a101900/page.htm,https://web.gdei.edu.cn/_upload/article/images/64/0b/162bbf824038bc1161736ecb354c/8b1a3d2e-394d-496f-9303-05eaeb215f38.png,image,imported,import_gdei_major_scores,学校官网图片表；导入2025年广东物理类本科专业志愿组41行；含普通类、学分互认；不含艺体类和专科
广东,2024,major_admission,物理类,广东第二师范学院2024年普高广东省本科专业志愿组各专业录取成绩统计表,https://web.gdei.edu.cn/zsb/2024/1115/c58a94587/page.htm,https://web.gdei.edu.cn/_upload/article/images/e2/e8/715fb607484bad2c783a557f86b8/4326404e-e45b-4e38-8f68-c95e6239b753.png,image,imported,import_gdei_major_scores,学校官网图片表；导入2024年广东物理类本科专业志愿组35行；含普通类、学分互认；不含艺体类和专科
广东,2023,major_admission,物理类,广东第二师范学院2023年普高广东省本科专业志愿组各专业录取成绩统计表,https://web.gdei.edu.cn/zsb/2023/1115/c58a86995/page.htm,https://web.gdei.edu.cn/_upload/article/images/f6/bc/33a96d914343a3d86bb6bb92d0f9/bda05828-20e9-4c31-977e-201b39108891.jpg,image,imported,import_gdei_major_scores,学校官网图片表；导入2023年广东物理类本科专业志愿组33行；含普通类、学分互认、协同培养；不含艺体类和专科
广东,2025,major_admission,物理类,广州航海学院2025年广东省分科类分专业录取情况表,https://zsb.gzmtu.edu.cn/info/1169/2164.htm,https://zsb.gzmtu.edu.cn/info/1169/2164.htm,html,imported,import_gzmtu_major_scores,学校官网HTML表；导入2025年广东物理类本科专业39行；含普通类、航海类、中外合作、中外联合培养；不含美术类和专科
广东,2024,major_admission,物理类,广州航海学院2024年广东省分科类分专业录取情况表,https://zsb.gzmtu.edu.cn/info/1169/2011.htm,https://zsb.gzmtu.edu.cn/info/1169/2011.htm,html,imported,import_gzmtu_major_scores,学校官网HTML表；导入2024年广东物理类本科专业35行；含普通类、航海类、中外合作、中外联合培养；不含美术类和专科
广东,2023,major_admission,物理类,广州航海学院2023年广东省分科类分专业录取情况表,https://zsb.gzmtu.edu.cn/info/1094/1871.htm,https://zsb.gzmtu.edu.cn/__local/D/9B/72/182705CB253E27234D05498EB0F_F106E5EB_367DA.pdf,pdf,imported,import_gzmtu_major_scores,学校官网PDF表；导入2023年广东物理类本科专业36行；含普通类、航海类、中外合作、中外联合培养；不含美术类和专科
广东,2023,major_admission,物理类,广东石油化工学院广东石油化工学院历年录取分数线,https://zs.gdupt.edu.cn/module/recruit_line.html,https://zs.gdupt.edu.cn/module/recruit_line.html,json_api,imported,import_gdupt_major_scores,学校招生网结构化接口；导入2023年广东物理类本科批专业55行；普通类；不含体育/艺术/专科
广东,2024,major_admission,物理类,广东石油化工学院【普高录取】2024年广东各专业录取分数线及排位来了！,https://zs.gdupt.edu.cn/module/news_info.html?article_id=19399,https://zs.gdupt.edu.cn/module/recruit_line.html,json_api,imported,import_gdupt_major_scores,学校招生网结构化接口；导入2024年广东物理类本科批专业55行；普通类；不含体育/艺术/专科
广东,2025,major_admission,物理类,广东石油化工学院广东石油化工学院2025年广东各专业录取分数线及排位来了！,https://zs.gdupt.edu.cn/module/news_info.html?article_id=19438,https://zs.gdupt.edu.cn/module/recruit_line.html,json_api,imported,import_gdupt_major_scores,学校招生网结构化接口；导入2025年广东物理类本科批专业55行；普通类；不含体育/艺术/专科
广东,2023,major_admission,物理类,广东技术师范大学2023年广东省本科招生专业录取情况统计合集,https://bkzs.gpnu.edu.cn/recruit?menuId=42&parentId=40,https://bkzs.gpnu.edu.cn/api/admission/api/distributionInfo,json_api_html,imported,import_gpnu_major_scores,学校官网招生专业录取情况统计表接口；导入2023年广东物理类本科专业94行；含普通类、河源校区、国际班、协同培养、少数民族；不含艺体类和专科；文章ID 3604/3602/3598/3593/3590
广东,2024,major_admission,物理类,广东技术师范大学2024年广东省夏季高考招生专业录取情况统计合集,https://bkzs.gpnu.edu.cn/recruit?menuId=42&parentId=40,https://bkzs.gpnu.edu.cn/api/admission/api/distributionInfo,json_api_html,imported,import_gpnu_major_scores,学校官网招生专业录取情况统计表接口；导入2024年广东物理类本科专业109行；含普通类、国际班、地方专项、少数民族、教师专项；不含艺体类和专科；文章ID 4573/4572/4571/4570/4569
广东,2025,major_admission,物理类,广东技术师范大学2025年广东省夏季高考招生专业录取情况统计合集,https://bkzs.gpnu.edu.cn/recruit?menuId=42&parentId=40,https://bkzs.gpnu.edu.cn/api/admission/api/distributionInfo,json_api_html,imported,import_gpnu_major_scores,学校官网招生专业录取情况统计表接口；导入2025年广东物理类本科专业113行；含普通类、国际班、地方专项、少数民族、教师专项；不含艺体类和专科；文章ID 4715/4713/4712/4711/4710
广东,2023,major_admission,物理类,深圳技术大学2023年广东历年录取查询,https://zs.sztu.edu.cn/bkzn/lnlq1.htm,https://zs.sztu.edu.cn/lnlqcxjgy_new.jsp?wbtreeid=1015,html_form,imported,import_sztu_major_scores,学校官网历年录取查询接口；导入2023年广东物理类本科专业34行；普通类；不含艺术类、音乐类、美术类和专科
广东,2024,major_admission,物理类,深圳技术大学2024年广东历年录取查询,https://zs.sztu.edu.cn/bkzn/lnlq1.htm,https://zs.sztu.edu.cn/lnlqcxjgy_new.jsp?wbtreeid=1015,html_form,imported,import_sztu_major_scores,学校官网历年录取查询接口；导入2024年广东物理类本科专业36行；普通类；不含艺术类、音乐类、美术类和专科
广东,2025,major_admission,物理类,深圳技术大学2025年广东历年录取查询,https://zs.sztu.edu.cn/bkzn/lnlq1.htm,https://zs.sztu.edu.cn/lnlqcxjgy_new.jsp?wbtreeid=1015,html_form,imported,import_sztu_major_scores,学校官网历年录取查询接口；导入2025年广东物理类本科专业31行；普通类；不含艺术类、音乐类、美术类和专科
广东,2023,major_admission,物理类,广州中医药大学2023年广东省各专业录取分数,https://xsc.gzucm.edu.cn/info/1039/4129.htm,https://xsc.gzucm.edu.cn/__local/5/0D/AE/9CAA1A17476745E194459A2C58A_F3C4CC08_14663B.png,image,imported,import_gzucm_major_scores,学校官网/官方公众号图片表；导入2023年广东物理类本科专业30行；官网图片表经macOS Vision OCR；含普通类、卫生专项/地方专项（如该年该科类公开）；不含体育/艺术/专科
广东,2024,major_admission,物理类,2024年广州中医药大学各省(区、市)本科专业录取分数线,https://mp.weixin.qq.com/s/sarxY-j19q9rHcjKfHPisg,https://mmbiz.qpic.cn/sz_mmbiz_png/UIgXdozvwlTujTib26bHvcAqz6adia8V1EicMVeogCGOpdp5OBvzV5uicQcRtBtTXZqgKw00k0H4Y4Y6MadXjZbUFQ/640?wx_fmt=png&from=appmsg,image,imported,import_gzucm_major_scores,学校官网/官方公众号图片表；导入2024年广东物理类本科专业33行；官方公众号图片表按网格切格OCR；含普通类、卫生专项/地方专项（如该年该科类公开）；不含体育/艺术/专科
广东,2025,major_admission,物理类,2025年广州中医药大学各省(区、市)本科专业录取分数线,https://mp.weixin.qq.com/s/AIoN8lwpEfnVWmzun_v2LQ,https://mmbiz.qpic.cn/mmbiz_png/ZeDxSJDwt6qRTiayGwCMuJno5bF4gtWibgMJFyuE6ZD5viak6De7X7X14Z58ORRAMxtG9iaXW3ou4J7tARia7bsMYibZhxnyhvvjkAcwBa6gurzh0/640?wx_fmt=png&from=appmsg,image,imported,import_gzucm_major_scores,学校官网/官方公众号图片表；导入2025年广东物理类本科专业33行；官网图片表经macOS Vision OCR；含普通类、卫生专项/地方专项（如该年该科类公开）；不含体育/艺术/专科
广东,2023,major_admission,物理类,广东药科大学2023年广东省内录取分数表,https://zsb.gdpu.edu.cn/info/1080/1459.htm,https://zsb.gdpu.edu.cn/system/_content/download.jsp?urltype=news.DownloadAttachUrl&owner=1460905134&wbfileid=11499522,xlsx,imported,import_gdpu_major_scores,学校招生办官方附件；导入2023年广东物理类本科专业42行；普通类/国际班；附件原件缓存于assets/raw-cache/gdpu；不含专科
广东,2024,major_admission,物理类,广东药科大学2024年广东省内录取分数表,https://zsb.gdpu.edu.cn/info/1080/1489.htm,https://zsb.gdpu.edu.cn/system/_content/download.jsp?urltype=news.DownloadAttachUrl&owner=1460905134&wbfileid=11524071,xlsx,imported,import_gdpu_major_scores,学校招生办官方附件；导入2024年广东物理类本科专业49行；普通类/国际班；附件原件缓存于assets/raw-cache/gdpu；不含专科
广东,2025,major_admission,物理类,广东药科大学2025年广东省内录取分数表,https://zsb.gdpu.edu.cn/info/1080/1518.htm,https://zsb.gdpu.edu.cn/system/_content/download.jsp?urltype=news.DownloadAttachUrl&owner=1460905134&wbfileid=16629148,pdf,imported,import_gdpu_major_scores,学校招生办官方附件；导入2025年广东物理类本科专业51行；普通类/国际班；附件原件缓存于assets/raw-cache/gdpu；不含专科
广东,2023,major_admission,物理类,广东药科大学2023年地方免费医学生录取分数表,https://zsb.gdpu.edu.cn/info/1080/1454.htm,https://zsb.gdpu.edu.cn/system/_content/download.jsp?urltype=news.DownloadAttachUrl&owner=1460905134&wbfileid=11495665,xlsx,imported,import_gdpu_major_scores,学校招生办官方附件；导入2023年广东物理类卫生专项本科专业30行；附件原件缓存于assets/raw-cache/gdpu；不含专科
广东,2024,major_admission,物理类,广东药科大学2024年地方免费医学生录取分数表,https://zsb.gdpu.edu.cn/info/1080/1491.htm,https://zsb.gdpu.edu.cn/system/_content/download.jsp?urltype=news.DownloadAttachUrl&owner=1460905134&wbfileid=11524073,pdf,imported,import_gdpu_major_scores,学校招生办官方附件；导入2024年广东物理类卫生专项本科专业27行；附件原件缓存于assets/raw-cache/gdpu；不含专科
广东,2025,major_admission,物理类,广东药科大学2025年卫生专项录取分数表,https://zsb.gdpu.edu.cn/info/1080/1529.htm,https://zsb.gdpu.edu.cn/system/_content/download.jsp?urltype=news.DownloadAttachUrl&owner=1460905134&wbfileid=16632449,xlsx,imported,import_gdpu_major_scores,学校招生办官方附件；导入2025年广东物理类卫生专项本科专业32行；附件原件缓存于assets/raw-cache/gdpu；不含专科
广东,2025,major_admission,物理类,岭南师范学院2025年本科各专业录取分数和最低排位统计表（广东省）,https://zsb.lingnan.edu.cn/info/1032/8018.htm,,html,imported,import_lingnan_major_scores,官网HTML表格；导入普通物理/历史、教师专项、协同培养、中外合作本科专业行，剔除艺体类
广东,2024,major_admission,物理类,岭南师范学院2024年本科各专业录取分数和最低排位统计表（广东省）,https://zsb.lingnan.edu.cn/info/1032/6748.htm,https://zsb.lingnan.edu.cn/__local/A/02/0F/D19F95A550FFA7109CE722FA04C_12F5E8AE_4EFEA.jpg,jpg,imported,import_lingnan_major_scores,官网图片表；macOS Vision OCR+表格线切格；2024历史类市场营销排位按官网图校准为33688
广东,2023,major_admission,物理类,岭南师范学院2023年本科各专业录取分数和最低排位统计表（广东省）,https://zsb.lingnan.edu.cn/info/1032/4128.htm,https://zsb.lingnan.edu.cn/__local/D/A5/D9/A273EDC2ECE4DDB6808804533A6_9170C928_4FC99.jpg,jpg,imported,import_lingnan_major_scores,官网图片表；macOS Vision OCR+表格线切格
广东,2025,major_admission,物理类,韩山师范学院2025年夏季高考本科批次各专业录取分数统计表,https://zsb.hstc.edu.cn/info/1023/2690.htm,assets/raw-cache/hstc/2025_undergrad.html,html,imported,import_hstc_major_scores,本科批；官网HTML缓存导入；专科、3+证书、高水平运动队不导入
广东,2025,major_admission,物理类,韩山师范学院2025年提前批次教师专项各专业录取分数线统计表,https://zsb.hstc.edu.cn/info/1023/2687.htm,assets/raw-cache/hstc/2025_teacher.html,html,imported,import_hstc_major_scores,提前批次教师专项；官网HTML缓存导入；专科、3+证书、高水平运动队不导入
广东,2024,major_admission,物理类,韩山师范学院2024年夏季高考本科批次各专业录取分数统计表,https://zsb.hstc.edu.cn/info/1023/2647.htm,assets/raw-cache/hstc/2024_undergrad.html,html,imported,import_hstc_major_scores,本科批；官网HTML缓存导入；官网列表未定位到2024教师专项统计表；专科、3+证书、高水平运动队不导入
广东,2023,major_admission,物理类,韩山师范学院2023年夏季高考本科批次各专业录取分数统计表,https://zsb.hstc.edu.cn/info/1023/2292.htm,assets/raw-cache/hstc/2023_undergrad.html,html,imported,import_hstc_major_scores,本科批；官网HTML缓存导入；专科、3+证书、高水平运动队不导入
广东,2023,major_admission,物理类,韩山师范学院2023年提前批次教师专项各专业录取分数线统计表,https://zsb.hstc.edu.cn/info/1023/2297.htm,assets/raw-cache/hstc/2023_teacher.html,html,imported,import_hstc_major_scores,提前批次教师专项；官网HTML缓存导入；专科、3+证书、高水平运动队不导入
广东,2024,major_admission,物理类,肇庆学院广东省本科历史、物理类录取分数线,https://zqu1-101.m.eduwebportal.net/webIndex.jsp?isRedirect=true#/indexPages/newsDetail/newsDetail?id=193,assets/raw-cache/zqu/2024_guangdong_history_physics.jpg,jpg,imported,import_zqu_major_scores,学校官方历年分数小程序图片表；导入2024年广东物理类本科专业49行；部分OCR缺排位行按官网图人工校准；不含艺体类/专科
广东,2023,major_admission,物理类,肇庆学院广东省本科批录取分数线,https://zqu1-101.m.eduwebportal.net/webIndex.jsp?isRedirect=true#/indexPages/newsDetail/newsDetail?id=182,assets/raw-cache/zqu/2023_guangdong_undergrad.jpg,jpg,imported,import_zqu_major_scores,学校官方历年分数小程序图片表；导入2023年广东物理类本科专业36行；不含艺体类/专科
广东,2025,major_admission,物理类,嘉应学院2025年各专业录取情况统计表（广东省）,https://zs.jyu.edu.cn/portal/detail_dsnc.action?channel.id=2295767126766008&domain.id=4230570967593800,assets/raw-cache/jyu/2025_guangdong_major_scores.xls,xls,imported,import_jyu_major_scores,学校官网Excel附件；导入2025年广东物理类本科专业96行；含普通类、教师专项、卫生专项、中外合作；不含艺体类/专科
广东,2024,major_admission,物理类,嘉应学院2024年各专业录取情况统计表（广东省）,https://zs.jyu.edu.cn/portal/detail_dsnc.action?channel.id=2295767126766008&domain.id=4159977452156400,assets/raw-cache/jyu/2024_guangdong_major_scores.xls,xls,imported,import_jyu_major_scores,学校官网Excel附件；导入2024年广东物理类本科专业82行；含普通类、教师专项、卫生专项、协同培养、中外合作；不含艺体类/专科
广东,2023,major_admission,物理类,嘉应学院2023年各专业录取情况统计表（广东省）,https://zs.jyu.edu.cn/portal/detail_dsnc.action?channel.id=2295767126766008&domain.id=7820627160110100,assets/raw-cache/jyu/2023_guangdong_major_scores.xls,xls,imported,import_jyu_major_scores,学校官网Excel附件；导入2023年广东物理类本科专业77行；含普通类、教师专项、卫生专项、协同培养、中外合作；不含艺体类/专科
广东,2023,major_admission,物理类,仲恺农业工程学院2023-2025年本科招生录取情况（广东省）,https://zsb-portal.zhku.edu.cn/details/article?id=675793,assets/raw-cache/zhku/2023_2025_guangdong_major_scores.xls,xls,imported,import_zhku_major_scores,学校官网三年汇总Excel附件；导入2023年广东物理类本科专业50行；物理类含国际班；剔除艺术综合分行和专科
广东,2024,major_admission,物理类,仲恺农业工程学院2023-2025年本科招生录取情况（广东省）,https://zsb-portal.zhku.edu.cn/details/article?id=675793,assets/raw-cache/zhku/2023_2025_guangdong_major_scores.xls,xls,imported,import_zhku_major_scores,学校官网三年汇总Excel附件；导入2024年广东物理类本科专业51行；物理类含国际班；剔除艺术综合分行和专科
广东,2025,major_admission,物理类,仲恺农业工程学院2023-2025年本科招生录取情况（广东省）,https://zsb-portal.zhku.edu.cn/details/article?id=675793,assets/raw-cache/zhku/2023_2025_guangdong_major_scores.xls,xls,imported,import_zhku_major_scores,学校官网三年汇总Excel附件；导入2025年广东物理类本科专业51行；物理类含国际班；剔除艺术综合分行和专科
广东,2023,major_admission,物理类,广东警官学院2023年广东普通本科批补充分专业录取线,https://www.dxsbb.com/,references/special-schools-inventory.md,md,imported,import_special_reference_scores,Workbuddy补充清单导入2023年广东物理类广东警官学院普通本科批专业3行；聚合站/官网汇总来源，待官方复核。
广东,2024,major_admission,物理类,广东警官学院2024年广东普通本科批补充分专业录取线,https://zsb.gdppla.edu.cn/info/1005/1579.htm,references/special-schools-inventory.md,md,imported,import_special_reference_scores,Workbuddy补充清单导入2024年广东物理类广东警官学院普通本科批专业3行；聚合站/官网汇总来源，待官方复核。
广东,2025,major_admission,物理类,广东警官学院2025年广东普通本科批补充分专业录取线,https://zsb.gdppla.edu.cn/info/1002/1839.htm,references/special-schools-inventory.md,md,imported,import_special_reference_scores,Workbuddy补充清单导入2025年广东物理类广东警官学院普通本科批专业3行；聚合站/官网汇总来源，待官方复核。
广东,2023,major_admission,物理类,星海音乐学院2023年广东普通本科批补充分专业录取线,https://zs.xhcom.edu.cn/index/lnfsx.htm,references/special-schools-inventory.md,md,imported,import_special_reference_scores,Workbuddy补充清单导入2023年广东物理类星海音乐学院普通本科批专业1行；聚合站/官网汇总来源，待官方复核。
广东,2024,major_admission,物理类,星海音乐学院2024年广东普通本科批补充分专业录取线,https://zs.xhcom.edu.cn/index/lnfsx.htm,references/special-schools-inventory.md,md,imported,import_special_reference_scores,Workbuddy补充清单导入2024年广东物理类星海音乐学院普通本科批专业1行；聚合站/官网汇总来源，待官方复核。
广东,2025,major_admission,物理类,星海音乐学院2025年广东普通本科批补充分专业录取线,https://zs.xhcom.edu.cn/index/lnfsx.htm,references/special-schools-inventory.md,md,imported,import_special_reference_scores,Workbuddy补充清单导入2025年广东物理类星海音乐学院普通本科批专业1行；聚合站/官网汇总来源，待官方复核。
广东,2023,major_admission,物理类,掌上高考广东本科专业录取线聚合补充（2023年物理类）,https://www.gaokao.cn/,https://static-data.gaokao.cn/www/2.0/schoolspecialscore/{school_id}/2023/44.json,json_api,imported,import_gaokao_cn_major_scores,掌上高考公开API补充；当前保留430行广东本科层次专业录取线；深圳职业技术大学2023本科专业6行已由学校官网替换；聚合站来源，待官方复核；批次/计划类型见batch和plan_type。
广东,2024,major_admission,物理类,掌上高考广东本科专业录取线聚合补充（2024年物理类）,https://www.gaokao.cn/,https://static-data.gaokao.cn/www/2.0/schoolspecialscore/{school_id}/2024/44.json,json_api,imported,import_gaokao_cn_major_scores,掌上高考公开API补充；当前保留509行广东本科层次专业录取线；深圳职业技术大学2024本科专业15行已由学校官网替换；聚合站来源，待官方复核；批次/计划类型见batch和plan_type。
广东,2025,major_admission,物理类,掌上高考广东本科专业录取线聚合补充（2025年物理类）,https://www.gaokao.cn/,https://static-data.gaokao.cn/www/2.0/schoolspecialscore/{school_id}/2025/44.json,json_api,imported,import_gaokao_cn_major_scores,掌上高考公开API补充；当前保留455行广东本科层次专业录取线；韶关学院2025本科批63行已由学校官网附件替换；深圳职业技术大学2025本科专业22行已由学校官网替换；聚合站来源，待官方复核；批次/计划类型见batch和plan_type。
广东,2025,major_admission,物理类,2025年韶关学院本专科录取统计情况（广东省内）,https://www.sgu.edu.cn/zsxxw/info/1022/12638.htm,assets/raw-cache/sgu/2025-guangdong-admission.xlsx,xlsx,imported,import_sgu_major_scores,学校官网附件；导入63行广东物理类本科普通批专业最低分和最低排位；替换同口径掌上高考聚合本科批行；提前批、艺体类、专科未导入。
广东,2023,major_admission,物理类,深圳职业技术大学2023年夏季普通高考录取情况一览表（本科，广东省内）,https://zhaosheng.szpu.edu.cn/info/1016/2953.htm,assets/raw-cache/szpu/2023-undergraduate-admission-guangdong.html,html,imported,import_szpu_major_scores,学校官网HTML表；导入6行广东物理类本科专业最低分和最低排位；替换同口径掌上高考聚合专业行；美术类和专科未导入。
广东,2024,major_admission,物理类,深圳职业技术大学2024年夏季普通高考录取情况一览表（本科）,https://zhaosheng.szpu.edu.cn/info/1016/3112.htm,assets/raw-cache/szpu/2024-undergraduate-admission.html,html,imported,import_szpu_major_scores,学校官网HTML表；导入15行广东物理类本科专业最低分和最低排位；替换同口径掌上高考聚合专业行；美术类和专科未导入。
广东,2025,major_admission,物理类,深圳职业技术大学2025年夏季普通高考录取情况一览表（本科）,https://zhaosheng.szpu.edu.cn/info/1016/3263.htm,assets/raw-cache/szpu/2025-undergraduate-admission.html,html,imported,import_szpu_major_scores,学校官网HTML表；导入22行广东物理类本科专业最低分和最低排位；替换同口径掌上高考聚合专业行；美术类和专科未导入。
