interest_keywords,major_name,degree_category,employment_outlook,typical_roles,fit_notes,risk_notes
“智能医学工程+电子信息工程”联合学士学位项目|医学|AI|人工智能|智能制造|医生|医院|电子工程|通信网络|芯片|半导体|硬件测试,“智能医学工程+电子信息工程”联合学士学位项目,医学,评级A；学习难度4/5；就业面取决于学校平台、城市产业和个人实习/证书积累,电子工程、通信网络、芯片/半导体、硬件测试,通用画像：按教育部本科专业目录门类和相近专业归类；需结合学校培养方案复核核心课程,就业评级A；学习难度4/5；就业面取决于学校平台、城市产业和个人实习/证书积累
“海洋药学+生物科学”联合学士学位项目|医学|药师|药品研发|药企注册|质量|医药销售,“海洋药学+生物科学”联合学士学位项目,医学,评级B；学习难度4/5；就业面取决于学校平台、城市产业和个人实习/证书积累,药师、药品研发、药企注册/质量、医药销售,通用画像：按教育部本科专业目录门类和相近专业归类；需结合学校培养方案复核核心课程,就业评级B；学习难度4/5；就业面取决于学校平台、城市产业和个人实习/证书积累
“药学+应用化学”联合学士学位项目|医学|药师|药品研发|药企注册|质量|医药销售,“药学+应用化学”联合学士学位项目,医学,评级B；学习难度4/5；就业面取决于学校平台、城市产业和个人实习/证书积累,药师、药品研发、药企注册/质量、医药销售,通用画像：按教育部本科专业目录门类和相近专业归类；需结合学校培养方案复核核心课程,就业评级B；学习难度4/5；就业面取决于学校平台、城市产业和个人实习/证书积累
“药学+材料科学与工程”联合学士学位项目|医学|药师|药品研发|药企注册|质量|医药销售,“药学+材料科学与工程”联合学士学位项目,医学,评级B；学习难度4/5；就业面取决于学校平台、城市产业和个人实习/证书积累,药师、药品研发、药企注册/质量、医药销售,通用画像：按教育部本科专业目录门类和相近专业归类；需结合学校培养方案复核核心课程,就业评级B；学习难度4/5；就业面取决于学校平台、城市产业和个人实习/证书积累
且语|交叉学科,且语,交叉学科,评级B；学习难度3/5；就业面取决于学校平台、城市产业和个人实习/证书积累,结合具体课程方向选择行业岗位,通用画像：按教育部本科专业目录门类和相近专业归类；需结合学校培养方案复核核心课程,就业评级B；学习难度3/5；就业面取决于学校平台、城市产业和个人实习/证书积累
中医养生学|医学|医生|医院科室|医学科研|基层医疗,中医养生学,医学,评级B；学习难度4/5；就业面取决于学校平台、城市产业和个人实习/证书积累,医生、医院科室、医学科研、基层医疗,通用画像：按教育部本科专业目录门类和相近专业归类；需结合学校培养方案复核核心课程,就业评级B；学习难度4/5；就业面取决于学校平台、城市产业和个人实习/证书积累
中医学|医学|医生|医院|中医师|针灸推拿师,中医学,医学,评级B；学习难度4/5；国家政策扶持，基层需求大,中医师、针灸推拿师,核心课程/能力：中医基础、方剂学、针灸学,就业评级B；学习难度4/5；学习压力较高，适合基础扎实且愿意长期投入的学生
中医骨伤科学|医学|医生|医院科室|医学科研|基层医疗,中医骨伤科学,医学,评级B；学习难度4/5；就业面取决于学校平台、城市产业和个人实习/证书积累,医生、医院科室、医学科研、基层医疗,通用画像：按教育部本科专业目录门类和相近专业归类；需结合学校培养方案复核核心课程,就业评级B；学习难度4/5；就业面取决于学校平台、城市产业和个人实习/证书积累
中国语言文学类|文学|内容传播|教育|外贸|公共服务,中国语言文学类,文学,评级B；学习难度3/5；就业面取决于学校平台、城市产业和个人实习/证书积累,内容传播、教育、外贸、公共服务,通用画像：按教育部本科专业目录门类和相近专业归类；需结合学校培养方案复核核心课程,就业评级B；学习难度3/5；就业面取决于学校平台、城市产业和个人实习/证书积累
中草药栽培与鉴定|交叉学科|药师|药品研发|药企注册|质量|医药销售,中草药栽培与鉴定,交叉学科,评级B；学习难度3/5；就业面取决于学校平台、城市产业和个人实习/证书积累,药师、药品研发、药企注册/质量、医药销售,通用画像：按教育部本科专业目录门类和相近专业归类；需结合学校培养方案复核核心课程,就业评级B；学习难度3/5；就业面取决于学校平台、城市产业和个人实习/证书积累
中药制药|医学|药师|药品研发|药企注册|质量|医药销售,中药制药,医学,评级B；学习难度4/5；就业面取决于学校平台、城市产业和个人实习/证书积累,药师、药品研发、药企注册/质量、医药销售,通用画像：按教育部本科专业目录门类和相近专业归类；需结合学校培养方案复核核心课程,就业评级B；学习难度4/5；就业面取决于学校平台、城市产业和个人实习/证书积累
中药学|医学|医生|医院|药学|药企|中药师|中药研发,中药学,医学,评级B；学习难度3/5；广东中医药强省政策支持,中药师、中药研发,核心课程/能力：中药鉴定、中药化学、方剂学,就业评级B；学习难度3/5；仍需结合学校层次、城市和实习资源判断
中药学类|医学|药师|药品研发|药企注册|质量|医药销售,中药学类,医学,评级B；学习难度4/5；就业面取决于学校平台、城市产业和个人实习/证书积累,药师、药品研发、药企注册/质量、医药销售,通用画像：按教育部本科专业目录门类和相近专业归类；需结合学校培养方案复核核心课程,就业评级B；学习难度4/5；就业面取决于学校平台、城市产业和个人实习/证书积累
中药资源与开发|医学|药师|药品研发|药企注册|质量|医药销售,中药资源与开发,医学,评级B；学习难度4/5；就业面取决于学校平台、城市产业和个人实习/证书积累,药师、药品研发、药企注册/质量、医药销售,通用画像：按教育部本科专业目录门类和相近专业归类；需结合学校培养方案复核核心课程,就业评级B；学习难度4/5；就业面取决于学校平台、城市产业和个人实习/证书积累
中西医临床医学5年|医学|医生|医院|医院科室|医学科研|基层医疗,中西医临床医学,医学,评级A；学习难度5/5；医疗健康刚需强，培养周期和执业资格要求高,医生、医院科室、医学科研、基层医疗,通用画像：按教育部本科专业目录门类和相近专业归类；需结合学校培养方案复核核心课程,就业评级A；学习难度5/5；医疗健康刚需强，培养周期和执业资格要求高
医学|医生|临床|临床医学|医院|医学研究人员,临床医学,医学,评级A；学习难度5/5；永不过时，但培养周期长(5+3年)；三甲医院竞争激烈,临床医生/医学科研/医院相关岗位,适合抗压强、愿意长期学习并接受夜班和规培的学生,就业评级A；学习难度5/5；学习压力较高，适合基础扎实且愿意长期投入的学生
临床医学类|医学|医生|医院|医院科室|医学科研|基层医疗,临床医学类,医学,评级A；学习难度5/5；医疗健康刚需强，培养周期和执业资格要求高,医生、医院科室、医学科研、基层医疗,通用画像：按教育部本科专业目录门类和相近专业归类；需结合学校培养方案复核核心课程,就业评级A；学习难度5/5；医疗健康刚需强，培养周期和执业资格要求高
临床药学|医学|医生|医院|临床|药学|药企|临床药师,临床药学,医学,评级B；学习难度3/5；医院药学转型方向,临床药师,核心课程/能力：临床药理学、治疗药物监测,就业评级B；学习难度3/5；仍需结合学校层次、城市和实习资源判断
书法学|法学|法律|公务员|公检法|法律服务|合规风控,书法学,法学,评级B；学习难度3/5；就业面取决于学校平台、城市产业和个人实习/证书积累,法律服务、公务员、公检法、合规风控,通用画像：按教育部本科专业目录门类和相近专业归类；需结合学校培养方案复核核心课程,就业评级B；学习难度3/5；就业面取决于学校平台、城市产业和个人实习/证书积累
互联网金融|经济学|财经|金融|投资|银行|证券|保险|财税|企业经营分析,互联网金融,经济学,评级B；学习难度3/5；就业面取决于学校平台、城市产业和个人实习/证书积累,银行、证券、保险、财税、企业经营分析,通用画像：按教育部本科专业目录门类和相近专业归类；需结合学校培养方案复核核心课程,就业评级B；学习难度3/5；就业面取决于学校平台、城市产业和个人实习/证书积累
交通工程|工学|工程技术|产品研发|生产运维|项目实施,交通工程,工学,评级B；学习难度4/5；就业面取决于学校平台、城市产业和个人实习/证书积累,工程技术、产品研发、生产运维、项目实施,通用画像：按教育部本科专业目录门类和相近专业归类；需结合学校培养方案复核核心课程,就业评级B；学习难度4/5；就业面取决于学校平台、城市产业和个人实习/证书积累
交通管理|工学|运营管理|市场营销|供应链|电子商务,交通管理,工学,评级B；学习难度4/5；就业面取决于学校平台、城市产业和个人实习/证书积累,运营管理、市场营销、供应链、电子商务,通用画像：按教育部本科专业目录门类和相近专业归类；需结合学校培养方案复核核心课程,就业评级B；学习难度4/5；就业面取决于学校平台、城市产业和个人实习/证书积累
交通管理工程|工学|运营管理|市场营销|供应链|电子商务,交通管理工程,工学,评级B；学习难度4/5；就业面取决于学校平台、城市产业和个人实习/证书积累,运营管理、市场营销、供应链、电子商务,通用画像：按教育部本科专业目录门类和相近专业归类；需结合学校培养方案复核核心课程,就业评级B；学习难度4/5；就业面取决于学校平台、城市产业和个人实习/证书积累
交通运输|工学|工科|工程|技术|交通工程师|物流规划师,交通运输,工学,评级B；学习难度3/5；智慧交通方向有增长,交通工程师、物流规划师,核心课程/能力：交通规划、运输经济学、智慧交通,就业评级B；学习难度3/5；仍需结合学校层次、城市和实习资源判断
交通运输类|工学|工程技术|产品研发|生产运维|项目实施,交通运输类,工学,评级B；学习难度4/5；就业面取决于学校平台、城市产业和个人实习/证书积累,工程技术、产品研发、生产运维、项目实施,通用画像：按教育部本科专业目录门类和相近专业归类；需结合学校培养方案复核核心课程,就业评级B；学习难度4/5；就业面取决于学校平台、城市产业和个人实习/证书积累
产品设计|艺术学|设计|文创|艺术教育|展演|制作,产品设计,艺术学,评级B；学习难度3/5；就业面取决于学校平台、城市产业和个人实习/证书积累,设计、文创、艺术教育、展演/制作,通用画像：按教育部本科专业目录门类和相近专业归类；需结合学校培养方案复核核心课程,就业评级B；学习难度3/5；就业面取决于学校平台、城市产业和个人实习/证书积累
人力资源管理|管理学|管理|商业|运营|HR专员|招聘专员|薪酬管理,人力资源管理,管理学,评级C；学习难度2/5；各企业需要但岗位竞争大,HR专员、招聘专员、薪酬管理,核心课程/能力：人力资源管理、劳动法、组织行为学,就业评级C；学习难度2/5；仍需结合学校层次、城市和实习资源判断
人工智能157|工学|AI|人工智能|智能制造|软件开发|数据分析|算法|AI应用|信息安全,人工智能,工学,评级A；学习难度5/5；数字化和AI应用需求强，但技术迭代快，需要持续学习和项目作品,软件开发、数据分析、算法/AI应用、信息安全,通用画像：按教育部本科专业目录门类和相近专业归类；需结合学校培养方案复核核心课程,就业评级A；学习难度5/5；数字化和AI应用需求强，但技术迭代快，需要持续学习和项目作品
人工智能工程技术|工学|AI|人工智能|智能制造|软件开发|数据分析|算法|AI应用|信息安全,人工智能工程技术,工学,评级A；学习难度5/5；数字化和AI应用需求强，但技术迭代快，需要持续学习和项目作品,软件开发、数据分析、算法/AI应用、信息安全,通用画像：按教育部本科专业目录门类和相近专业归类；需结合学校培养方案复核核心课程,就业评级A；学习难度5/5；数字化和AI应用需求强，但技术迭代快，需要持续学习和项目作品
人才发展与管理|管理学|运营管理|市场营销|供应链|电子商务,人才发展与管理,管理学,评级B；学习难度3/5；就业面取决于学校平台、城市产业和个人实习/证书积累,运营管理、市场营销、供应链、电子商务,通用画像：按教育部本科专业目录门类和相近专业归类；需结合学校培养方案复核核心课程,就业评级B；学习难度3/5；就业面取决于学校平台、城市产业和个人实习/证书积累
人文地理与城乡规划|理学|科研助理|数据分析|教师|技术支持,人文地理与城乡规划,理学,评级B；学习难度4/5；就业面取决于学校平台、城市产业和个人实习/证书积累,科研助理、数据分析、教师、技术支持,通用画像：按教育部本科专业目录门类和相近专业归类；需结合学校培养方案复核核心课程,就业评级B；学习难度4/5；就业面取决于学校平台、城市产业和个人实习/证书积累
会展经济与管理|经济学|银行|证券|保险|财税|企业经营分析,会展经济与管理,经济学,评级B；学习难度3/5；就业面取决于学校平台、城市产业和个人实习/证书积累,银行、证券、保险、财税、企业经营分析,通用画像：按教育部本科专业目录门类和相近专业归类；需结合学校培养方案复核核心课程,就业评级B；学习难度3/5；就业面取决于学校平台、城市产业和个人实习/证书积累
财经|金融|会计|商业|会计学|管理学|管理|运营|审计|财务|会计师|审计师|税务师,会计学,管理学,评级B；学习难度3/5；稳定，CPA证书是关键；基础核算岗位面临AI替代,审计/财务/税务/企业经营分析,适合细致、规则意识强、愿意考证的学生,就业评级B；学习难度3/5；仍需结合学校层次、城市和实习资源判断
传播学|文学|内容运营|媒体传播|外贸|翻译|教育,传播学,文学,评级B；学习难度3/5；就业面取决于学校平台、城市产业和个人实习/证书积累,内容运营、媒体传播、外贸/翻译、教育,通用画像：按教育部本科专业目录门类和相近专业归类；需结合学校培养方案复核核心课程,就业评级B；学习难度3/5；就业面取决于学校平台、城市产业和个人实习/证书积累
体育学类|交叉学科,体育学类,交叉学科,评级B；学习难度3/5；就业面取决于学校平台、城市产业和个人实习/证书积累,结合具体课程方向选择行业岗位,通用画像：按教育部本科专业目录门类和相近专业归类；需结合学校培养方案复核核心课程,就业评级B；学习难度3/5；就业面取决于学校平台、城市产业和个人实习/证书积累
体育教育|教育学|教育|师范|教师|体育教师|教练,体育教育,教育学,评级B；学习难度3/5；中小学体育教师刚需,体育教师、教练,核心课程/能力：运动生理学、体育教学法,就业评级B；学习难度3/5；仍需结合学校层次、城市和实习资源判断
供应链管理|管理学|运营管理|市场营销|供应链|电子商务,供应链管理,管理学,评级B；学习难度3/5；就业面取决于学校平台、城市产业和个人实习/证书积累,运营管理、市场营销、供应链、电子商务,通用画像：按教育部本科专业目录门类和相近专业归类；需结合学校培养方案复核核心课程,就业评级B；学习难度3/5；就业面取决于学校平台、城市产业和个人实习/证书积累
侦查学|法学|法律服务|公务员|公检法|合规风控,侦查学,法学,评级B；学习难度3/5；就业面取决于学校平台、城市产业和个人实习/证书积累,法律服务、公务员、公检法、合规风控,通用画像：按教育部本科专业目录门类和相近专业归类；需结合学校培养方案复核核心课程,就业评级B；学习难度3/5；就业面取决于学校平台、城市产业和个人实习/证书积累
俄语|文学|内容传播|教育|外贸|公共服务,俄语,文学,评级B；学习难度3/5；就业面取决于学校平台、城市产业和个人实习/证书积累,内容传播、教育、外贸、公共服务,通用画像：按教育部本科专业目录门类和相近专业归类；需结合学校培养方案复核核心课程,就业评级B；学习难度3/5；就业面取决于学校平台、城市产业和个人实习/证书积累
保险学|经济学|银行|证券|保险|财税|企业经营分析,保险学,经济学,评级B；学习难度3/5；就业面取决于学校平台、城市产业和个人实习/证书积累,银行、证券、保险、财税、企业经营分析,通用画像：按教育部本科专业目录门类和相近专业归类；需结合学校培养方案复核核心课程,就业评级B；学习难度3/5；就业面取决于学校平台、城市产业和个人实习/证书积累
信息与计算科学|理学|理科|科研|数据|AI|人工智能|计算机|编程|软件|算法|统计|算法工程师|数据分析师,信息与计算科学,理学,评级A；学习难度4/5；数学+计算机交叉，就业面广,算法工程师、数据分析师,核心课程/能力：数值计算、最优化、编程,就业评级A；学习难度4/5；学习压力较高，适合基础扎实且愿意长期投入的学生
信息安全|工学|工程技术|产品研发|生产运维|项目实施,信息安全,工学,评级B；学习难度4/5；就业面取决于学校平台、城市产业和个人实习/证书积累,工程技术、产品研发、生产运维、项目实施,通用画像：按教育部本科专业目录门类和相近专业归类；需结合学校培养方案复核核心课程,就业评级B；学习难度4/5；就业面取决于学校平台、城市产业和个人实习/证书积累
信息安全与管理|工学|运营管理|市场营销|供应链|电子商务,信息安全与管理,工学,评级B；学习难度4/5；就业面取决于学校平台、城市产业和个人实习/证书积累,运营管理、市场营销、供应链、电子商务,通用画像：按教育部本科专业目录门类和相近专业归类；需结合学校培养方案复核核心课程,就业评级B；学习难度4/5；就业面取决于学校平台、城市产业和个人实习/证书积累
信息工程|工学|工程技术|产品研发|生产运维|项目实施,信息工程,工学,评级B；学习难度4/5；就业面取决于学校平台、城市产业和个人实习/证书积累,工程技术、产品研发、生产运维、项目实施,通用画像：按教育部本科专业目录门类和相近专业归类；需结合学校培养方案复核核心课程,就业评级B；学习难度4/5；就业面取决于学校平台、城市产业和个人实习/证书积累
信息管理与信息系统|管理学|运营管理|市场营销|供应链|电子商务,信息管理与信息系统,管理学,评级B；学习难度3/5；就业面取决于学校平台、城市产业和个人实习/证书积累,运营管理、市场营销、供应链、电子商务,通用画像：按教育部本科专业目录门类和相近专业归类；需结合学校培养方案复核核心课程,就业评级B；学习难度3/5；就业面取决于学校平台、城市产业和个人实习/证书积累
信用管理|经济学|运营管理|市场营销|供应链|电子商务,信用管理,经济学,评级B；学习难度3/5；就业面取决于学校平台、城市产业和个人实习/证书积累,运营管理、市场营销、供应链、电子商务,通用画像：按教育部本科专业目录门类和相近专业归类；需结合学校培养方案复核核心课程,就业评级B；学习难度3/5；就业面取决于学校平台、城市产业和个人实习/证书积累
信用风险管理与法律防控|经济学|运营管理|市场营销|供应链|电子商务,信用风险管理与法律防控,经济学,评级B；学习难度3/5；就业面取决于学校平台、城市产业和个人实习/证书积累,运营管理、市场营销、供应链、电子商务,通用画像：按教育部本科专业目录门类和相近专业归类；需结合学校培养方案复核核心课程,就业评级B；学习难度3/5；就业面取决于学校平台、城市产业和个人实习/证书积累
健康服务与管理|管理学|运营管理|市场营销|供应链|电子商务,健康服务与管理,管理学,评级B；学习难度3/5；就业面取决于学校平台、城市产业和个人实习/证书积累,运营管理、市场营销、供应链、电子商务,通用画像：按教育部本科专业目录门类和相近专业归类；需结合学校培养方案复核核心课程,就业评级B；学习难度3/5；就业面取决于学校平台、城市产业和个人实习/证书积累
储能科学与工程|工学|工科|工程|技术|新能源|储能|电力|新能源储能|碳中和核心方向,储能科学与工程,工学,评级A；学习难度4/5；新能源储能，碳中和核心方向,新能源储能，碳中和核心方向,参考相近专业的课程和能力要求,就业评级A；学习难度4/5；学习压力较高，适合基础扎实且愿意长期投入的学生
儿科学|医学|医生|医院科室|医学科研|基层医疗,儿科学,医学,评级B；学习难度4/5；就业面取决于学校平台、城市产业和个人实习/证书积累,医生、医院科室、医学科研、基层医疗,通用画像：按教育部本科专业目录门类和相近专业归类；需结合学校培养方案复核核心课程,就业评级B；学习难度4/5；就业面取决于学校平台、城市产业和个人实习/证书积累
光源与照明|交叉学科,光源与照明,交叉学科,评级B；学习难度3/5；就业面取决于学校平台、城市产业和个人实习/证书积累,结合具体课程方向选择行业岗位,通用画像：按教育部本科专业目录门类和相近专业归类；需结合学校培养方案复核核心课程,就业评级B；学习难度3/5；就业面取决于学校平台、城市产业和个人实习/证书积累
光电信息科学与工程|工学|电子工程|通信网络|芯片|半导体|硬件测试,光电信息科学与工程,工学,评级B；学习难度4/5；就业面取决于学校平台、城市产业和个人实习/证书积累,电子工程、通信网络、芯片/半导体、硬件测试,通用画像：按教育部本科专业目录门类和相近专业归类；需结合学校培养方案复核核心课程,就业评级B；学习难度4/5；就业面取决于学校平台、城市产业和个人实习/证书积累
公共事业管理|管理学|管理|商业|运营|行政|社区工作人员,公共事业管理,管理学,评级D；学习难度2/5；**红牌预警专业**，就业率低，多省列入预警名单,行政、社区工作人员,核心课程/能力：公共管理、公共政策、非营利组织管理,就业评级D；学习难度2/5；谨慎选择，需用证书、实习或作品拉开差距
公共管理类|管理学|运营管理|市场营销|供应链|电子商务,公共管理类,管理学,评级B；学习难度3/5；就业面取决于学校平台、城市产业和个人实习/证书积累,运营管理、市场营销、供应链、电子商务,通用画像：按教育部本科专业目录门类和相近专业归类；需结合学校培养方案复核核心课程,就业评级B；学习难度3/5；就业面取决于学校平台、城市产业和个人实习/证书积累
农业工程|工学|农业技术|畜牧兽医|水产养殖|农产品研发,农业工程,工学,评级B；学习难度4/5；就业面取决于学校平台、城市产业和个人实习/证书积累,农业技术、畜牧兽医、水产养殖、农产品研发,通用画像：按教育部本科专业目录门类和相近专业归类；需结合学校培养方案复核核心课程,就业评级B；学习难度4/5；就业面取决于学校平台、城市产业和个人实习/证书积累
农业机械化及其自动化|工学|电力系统|自动化控制|新能源设备|智能制造,农业机械化及其自动化,工学,评级A；学习难度4/5；就业面取决于学校平台、城市产业和个人实习/证书积累,电力系统、自动化控制、新能源设备、智能制造,通用画像：按教育部本科专业目录门类和相近专业归类；需结合学校培养方案复核核心课程,就业评级A；学习难度4/5；就业面取决于学校平台、城市产业和个人实习/证书积累
农业资源与环境|工学|农业技术|畜牧兽医|水产养殖|农产品研发,农业资源与环境,工学,评级B；学习难度4/5；就业面取决于学校平台、城市产业和个人实习/证书积累,农业技术、畜牧兽医、水产养殖、农产品研发,通用画像：按教育部本科专业目录门类和相近专业归类；需结合学校培养方案复核核心课程,就业评级B；学习难度4/5；就业面取决于学校平台、城市产业和个人实习/证书积累
农学|农业|乡村振兴|农技推广|种子研发|农业管理,农学,农学,评级B；学习难度3/5；乡村振兴政策支持，智慧农业是新方向,农技推广、种子研发、农业管理,核心课程/能力：作物栽培、遗传育种、植物保护,就业评级B；学习难度3/5；仍需结合学校层次、城市和实习资源判断
农林经济管理|经济学|银行|证券|保险|财税|企业经营分析,农林经济管理,经济学,评级B；学习难度3/5；就业面取决于学校平台、城市产业和个人实习/证书积累,银行、证券、保险、财税、企业经营分析,通用画像：按教育部本科专业目录门类和相近专业归类；需结合学校培养方案复核核心课程,就业评级B；学习难度3/5；就业面取决于学校平台、城市产业和个人实习/证书积累
刑事科学技术|工学|工程技术|产品研发|生产运维|项目实施,刑事科学技术,工学,评级B；学习难度4/5；就业面取决于学校平台、城市产业和个人实习/证书积累,工程技术、产品研发、生产运维、项目实施,通用画像：按教育部本科专业目录门类和相近专业归类；需结合学校培养方案复核核心课程,就业评级B；学习难度4/5；就业面取决于学校平台、城市产业和个人实习/证书积累
创业管理|管理学|运营管理|市场营销|供应链|电子商务,创业管理,管理学,评级B；学习难度3/5；就业面取决于学校平台、城市产业和个人实习/证书积累,运营管理、市场营销、供应链、电子商务,通用画像：按教育部本科专业目录门类和相近专业归类；需结合学校培养方案复核核心课程,就业评级B；学习难度3/5；就业面取决于学校平台、城市产业和个人实习/证书积累
制冷与空调工程|工学|工程技术|产品研发|生产运维|项目实施,制冷与空调工程,工学,评级B；学习难度4/5；就业面取决于学校平台、城市产业和个人实习/证书积累,工程技术、产品研发、生产运维、项目实施,通用画像：按教育部本科专业目录门类和相近专业归类；需结合学校培养方案复核核心课程,就业评级B；学习难度4/5；就业面取决于学校平台、城市产业和个人实习/证书积累
制药工程|工学|药师|药品研发|药企注册|质量|医药销售,制药工程,工学,评级B；学习难度4/5；就业面取决于学校平台、城市产业和个人实习/证书积累,药师、药品研发、药企注册/质量、医药销售,通用画像：按教育部本科专业目录门类和相近专业归类；需结合学校培养方案复核核心课程,就业评级B；学习难度4/5；就业面取决于学校平台、城市产业和个人实习/证书积累
制药工程技术|工学|药师|药品研发|药企注册|质量|医药销售,制药工程技术,工学,评级B；学习难度4/5；就业面取决于学校平台、城市产业和个人实习/证书积累,药师、药品研发、药企注册/质量、医药销售,通用画像：按教育部本科专业目录门类和相近专业归类；需结合学校培养方案复核核心课程,就业评级B；学习难度4/5；就业面取决于学校平台、城市产业和个人实习/证书积累
功能材料|工学|工程技术|产品研发|生产运维|项目实施,功能材料,工学,评级B；学习难度4/5；就业面取决于学校平台、城市产业和个人实习/证书积累,工程技术、产品研发、生产运维、项目实施,通用画像：按教育部本科专业目录门类和相近专业归类；需结合学校培养方案复核核心课程,就业评级B；学习难度4/5；就业面取决于学校平台、城市产业和个人实习/证书积累
动物医学|农学|农业|乡村振兴|医学|医生|医院|财经|经济|商业|动物|兽医|宠物|宠物医生|动物检疫,动物医学,农学,评级A；学习难度4/5；宠物经济爆发，兽医需求猛增,兽医、宠物医生、动物检疫,核心课程/能力：动物解剖、动物病理、兽医临床,就业评级A；学习难度4/5；学习压力较高，适合基础扎实且愿意长期投入的学生
动物科学|农学|农业|乡村振兴|动物|兽医|宠物|畜牧技术员|饲料研发,动物科学,农学,评级B；学习难度3/5；畜牧业稳定，大型养殖集团需求,畜牧技术员、饲料研发,核心课程/能力：动物营养、遗传育种、养殖学,就业评级B；学习难度3/5；仍需结合学校层次、城市和实习资源判断
动物药学|医学|农学|宠物|兽医|药师|药品研发|药企注册|质量|医药销售,动物药学,医学,评级B；学习难度4/5；就业面取决于学校平台、城市产业和个人实习/证书积累,药师、药品研发、药企注册/质量、医药销售,通用画像：按教育部本科专业目录门类和相近专业归类；需结合学校培养方案复核核心课程,就业评级B；学习难度4/5；就业面取决于学校平台、城市产业和个人实习/证书积累
助产学|医学|医院|基层医疗|医药健康|公共卫生,助产学,医学,评级B；学习难度4/5；就业面取决于学校平台、城市产业和个人实习/证书积累,医院、基层医疗、医药健康、公共卫生,通用画像：按教育部本科专业目录门类和相近专业归类；需结合学校培养方案复核核心课程,就业评级B；学习难度4/5；就业面取决于学校平台、城市产业和个人实习/证书积累
劳动与社会保理障|交叉学科,劳动与社会保理障,交叉学科,评级B；学习难度3/5；就业面取决于学校平台、城市产业和个人实习/证书积累,结合具体课程方向选择行业岗位,通用画像：按教育部本科专业目录门类和相近专业归类；需结合学校培养方案复核核心课程,就业评级B；学习难度3/5；就业面取决于学校平台、城市产业和个人实习/证书积累
劳动与社会保障|交叉学科,劳动与社会保障,交叉学科,评级B；学习难度3/5；就业面取决于学校平台、城市产业和个人实习/证书积累,结合具体课程方向选择行业岗位,通用画像：按教育部本科专业目录门类和相近专业归类；需结合学校培养方案复核核心课程,就业评级B；学习难度3/5；就业面取决于学校平台、城市产业和个人实习/证书积累
包装工程|工学|工程技术|产品研发|生产运维|项目实施,包装工程,工学,评级B；学习难度4/5；就业面取决于学校平台、城市产业和个人实习/证书积累,工程技术、产品研发、生产运维、项目实施,通用画像：按教育部本科专业目录门类和相近专业归类；需结合学校培养方案复核核心课程,就业评级B；学习难度4/5；就业面取决于学校平台、城市产业和个人实习/证书积累
化妆品技术与工程|工学|工程技术|产品研发|生产运维|项目实施,化妆品技术与工程,工学,评级B；学习难度4/5；就业面取决于学校平台、城市产业和个人实习/证书积累,工程技术、产品研发、生产运维、项目实施,通用画像：按教育部本科专业目录门类和相近专业归类；需结合学校培养方案复核核心课程,就业评级B；学习难度4/5；就业面取决于学校平台、城市产业和个人实习/证书积累
化妆品科学与技术|工学|工程技术|产品研发|生产运维|项目实施,化妆品科学与技术,工学,评级B；学习难度4/5；就业面取决于学校平台、城市产业和个人实习/证书积累,工程技术、产品研发、生产运维、项目实施,通用画像：按教育部本科专业目录门类和相近专业归类；需结合学校培养方案复核核心课程,就业评级B；学习难度4/5；就业面取决于学校平台、城市产业和个人实习/证书积累
化学|理学|理科|科研|数据|教师|化验员|化工研发,化学,理学,评级B；学习难度4/5；教学/检测方向稳定,教师、化验员、化工研发,核心课程/能力：有机化学、物理化学、分析化学,就业评级B；学习难度4/5；学习压力较高，适合基础扎实且愿意长期投入的学生
化学工程与工艺|工学|工科|工程|技术|材料|新材料|半导体|化工工程师|工艺工程师,化学工程与工艺,工学,评级B；学习难度3/5；石油化工转型期，新材料方向好,化工工程师、工艺工程师,核心课程/能力：化工原理、化学反应工程、化工设计,就业评级B；学习难度3/5；仍需结合学校层次、城市和实习资源判断
化学类|理学|科研助理|数据分析|教师|技术支持,化学类,理学,评级B；学习难度4/5；就业面取决于学校平台、城市产业和个人实习/证书积累,科研助理、数据分析、教师、技术支持,通用画像：按教育部本科专业目录门类和相近专业归类；需结合学校培养方案复核核心课程,就业评级B；学习难度4/5；就业面取决于学校平台、城市产业和个人实习/证书积累
化工与制药类|工学|药师|药品研发|药企注册|质量|医药销售,化工与制药类,工学,评级B；学习难度4/5；就业面取决于学校平台、城市产业和个人实习/证书积累,药师、药品研发、药企注册/质量、医药销售,通用画像：按教育部本科专业目录门类和相近专业归类；需结合学校培养方案复核核心课程,就业评级B；学习难度4/5；就业面取决于学校平台、城市产业和个人实习/证书积累
区块链工程|工学|工科|工程|技术|财经|金融|投资|银行|新兴方向|金融科技|RWA|Web3,区块链工程,工学,评级B；学习难度5/5；新兴方向，金融科技/RWA/Web3,新兴方向，金融科技/RWA/Web3,参考相近专业的课程和能力要求,就业评级B；学习难度5/5；学习压力较高，适合基础扎实且愿意长期投入的学生
医学信息工程|医学|医生|医院|医院科室|医学科研|基层医疗,医学信息工程,医学,评级B；学习难度4/5；就业面取决于学校平台、城市产业和个人实习/证书积累,医生、医院科室、医学科研、基层医疗,通用画像：按教育部本科专业目录门类和相近专业归类；需结合学校培养方案复核核心课程,就业评级B；学习难度4/5；就业面取决于学校平台、城市产业和个人实习/证书积累
医学实验技术|医学|医生|医院|医院科室|医学科研|基层医疗,医学实验技术,医学,评级B；学习难度4/5；就业面取决于学校平台、城市产业和个人实习/证书积累,医生、医院科室、医学科研、基层医疗,通用画像：按教育部本科专业目录门类和相近专业归类；需结合学校培养方案复核核心课程,就业评级B；学习难度4/5；就业面取决于学校平台、城市产业和个人实习/证书积累
医学影像学|医学|医生|医院|影像科医师|超声医师,医学影像学,医学,评级A；学习难度4/5；诊断刚需，AI辅助但不会取代,影像科医师、超声医师,核心课程/能力：放射诊断学、超声诊断学,就业评级A；学习难度4/5；学习压力较高，适合基础扎实且愿意长期投入的学生
医学影像技术|医学|医生|医院|医院科室|医学科研|基层医疗,医学影像技术,医学,评级B；学习难度4/5；就业面取决于学校平台、城市产业和个人实习/证书积累,医生、医院科室、医学科研、基层医疗,通用画像：按教育部本科专业目录门类和相近专业归类；需结合学校培养方案复核核心课程,就业评级B；学习难度4/5；就业面取决于学校平台、城市产业和个人实习/证书积累
医学技术类|医学|医生|医院|医院科室|医学科研|基层医疗,医学技术类,医学,评级B；学习难度4/5；就业面取决于学校平台、城市产业和个人实习/证书积累,医生、医院科室、医学科研、基层医疗,通用画像：按教育部本科专业目录门类和相近专业归类；需结合学校培养方案复核核心课程,就业评级B；学习难度4/5；就业面取决于学校平台、城市产业和个人实习/证书积累
医学检验技术|医学|医生|医院|检验技师|病理技术员,医学检验技术,医学,评级B；学习难度3/5；医疗刚需，就业率高,检验技师、病理技术员,核心课程/能力：临床检验、生化检验、微生物检验,就业评级B；学习难度3/5；仍需结合学校层次、城市和实习资源判断
医疗保险|经济学|银行|证券|保险|财税|企业经营分析,医疗保险,经济学,评级B；学习难度3/5；就业面取决于学校平台、城市产业和个人实习/证书积累,银行、证券、保险、财税、企业经营分析,通用画像：按教育部本科专业目录门类和相近专业归类；需结合学校培养方案复核核心课程,就业评级B；学习难度3/5；就业面取决于学校平台、城市产业和个人实习/证书积累
卫生检验与检疫|医学|医院医技|护理|康复治疗|公共卫生,卫生检验与检疫,医学,评级B；学习难度4/5；就业面取决于学校平台、城市产业和个人实习/证书积累,医院医技、护理、康复治疗、公共卫生,通用画像：按教育部本科专业目录门类和相近专业归类；需结合学校培养方案复核核心课程,就业评级B；学习难度4/5；就业面取决于学校平台、城市产业和个人实习/证书积累
历史|历史学,历史,历史学,评级C；学习难度3/5；行业周期或供需波动较明显，需要靠城市、学校平台、实习和作品提高确定性,结合具体课程方向选择行业岗位,通用画像：按教育部本科专业目录门类和相近专业归类；需结合学校培养方案复核核心课程,就业评级C；学习难度3/5；行业周期或供需波动较明显，需要靠城市、学校平台、实习和作品提高确定性
历史学,历史学,历史学,评级C；学习难度3/5；行业周期或供需波动较明显，需要靠城市、学校平台、实习和作品提高确定性,结合具体课程方向选择行业岗位,通用画像：按教育部本科专业目录门类和相近专业归类；需结合学校培养方案复核核心课程,就业评级C；学习难度3/5；行业周期或供需波动较明显，需要靠城市、学校平台、实习和作品提高确定性
口腔医学|医学|医生|医院|口腔|口腔医生|正畸医师,口腔医学,医学,评级A；学习难度4/5；收入高，可独立执业，市场空间大,口腔医生、正畸医师,核心课程/能力：口腔解剖、口腔修复、口腔外科,就业评级A；学习难度4/5；学习压力较高，适合基础扎实且愿意长期投入的学生
口腔医学技术|医学|医生|医院|医院科室|医学科研|基层医疗,口腔医学技术,医学,评级A；学习难度5/5；医疗健康刚需强，培养周期和执业资格要求高,医生、医院科室、医学科研、基层医疗,通用画像：按教育部本科专业目录门类和相近专业归类；需结合学校培养方案复核核心课程,就业评级A；学习难度5/5；医疗健康刚需强，培养周期和执业资格要求高
合成生物技术|工学|工程技术|产品研发|生产运维|项目实施,合成生物技术,工学,评级B；学习难度4/5；就业面取决于学校平台、城市产业和个人实习/证书积累,工程技术、产品研发、生产运维、项目实施,通用画像：按教育部本科专业目录门类和相近专业归类；需结合学校培养方案复核核心课程,就业评级B；学习难度4/5；就业面取决于学校平台、城市产业和个人实习/证书积累
哲学,哲学,哲学,评级C；学习难度3/5；行业周期或供需波动较明显，需要靠城市、学校平台、实习和作品提高确定性,结合具体课程方向选择行业岗位,通用画像：按教育部本科专业目录门类和相近专业归类；需结合学校培养方案复核核心课程,就业评级C；学习难度3/5；行业周期或供需波动较明显，需要靠城市、学校平台、实习和作品提高确定性
哲学类|哲学,哲学类,哲学,评级C；学习难度3/5；行业周期或供需波动较明显，需要靠城市、学校平台、实习和作品提高确定性,结合具体课程方向选择行业岗位,通用画像：按教育部本科专业目录门类和相近专业归类；需结合学校培养方案复核核心课程,就业评级C；学习难度3/5；行业周期或供需波动较明显，需要靠城市、学校平台、实习和作品提高确定性
商务英语|文学|内容运营|媒体传播|外贸|翻译|教育,商务英语,文学,评级B；学习难度3/5；就业面取决于学校平台、城市产业和个人实习/证书积累,内容运营、媒体传播、外贸/翻译、教育,通用画像：按教育部本科专业目录门类和相近专业归类；需结合学校培养方案复核核心课程,就业评级B；学习难度3/5；就业面取决于学校平台、城市产业和个人实习/证书积累
园林|农学|农业|乡村振兴|景观|设计|园林设计师|景观工程师,园林,农学,评级B；学习难度3/5；城市更新/美丽乡村建设需求,园林设计师、景观工程师,核心课程/能力：园林设计、园林植物、景观生态,就业评级B；学习难度3/5；仍需结合学校层次、城市和实习资源判断
园艺|农学|农业|乡村振兴|园林|景观|设计|园艺师|园林设计|花卉产业,园艺,农学,评级B；学习难度3/5；城市绿化/景观设计方向有需求,园艺师、园林设计、花卉产业,核心课程/能力：果树栽培、花卉学、园林规划,就业评级B；学习难度3/5；仍需结合学校层次、城市和实习资源判断
国家公园建设与管理|管理学|运营管理|市场营销|供应链|电子商务,国家公园建设与管理,管理学,评级B；学习难度3/5；就业面取决于学校平台、城市产业和个人实习/证书积累,运营管理、市场营销、供应链、电子商务,通用画像：按教育部本科专业目录门类和相近专业归类；需结合学校培养方案复核核心课程,就业评级B；学习难度3/5；就业面取决于学校平台、城市产业和个人实习/证书积累
国际事务与国际关系|法学|法律服务|合规|公务员|公共治理,国际事务与国际关系,法学,评级B；学习难度3/5；就业面取决于学校平台、城市产业和个人实习/证书积累,法律服务、合规、公务员、公共治理,通用画像：按教育部本科专业目录门类和相近专业归类；需结合学校培养方案复核核心课程,就业评级B；学习难度3/5；就业面取决于学校平台、城市产业和个人实习/证书积累
国际商务|交叉学科,国际商务,交叉学科,评级B；学习难度3/5；就业面取决于学校平台、城市产业和个人实习/证书积累,结合具体课程方向选择行业岗位,通用画像：按教育部本科专业目录门类和相近专业归类；需结合学校培养方案复核核心课程,就业评级B；学习难度3/5；就业面取决于学校平台、城市产业和个人实习/证书积累
国际政治|法学|法律服务|合规|公务员|公共治理,国际政治,法学,评级B；学习难度3/5；就业面取决于学校平台、城市产业和个人实习/证书积累,法律服务、合规、公务员、公共治理,通用画像：按教育部本科专业目录门类和相近专业归类；需结合学校培养方案复核核心课程,就业评级B；学习难度3/5；就业面取决于学校平台、城市产业和个人实习/证书积累
国际新闻与传播|文学|传媒|内容|传播|内容运营|媒体传播|外贸|翻译|教育,国际新闻与传播,文学,评级B；学习难度3/5；就业面取决于学校平台、城市产业和个人实习/证书积累,内容运营、媒体传播、外贸/翻译、教育,通用画像：按教育部本科专业目录门类和相近专业归类；需结合学校培养方案复核核心课程,就业评级B；学习难度3/5；就业面取决于学校平台、城市产业和个人实习/证书积累
国际法|交叉学科,国际法,交叉学科,评级B；学习难度3/5；就业面取决于学校平台、城市产业和个人实习/证书积累,结合具体课程方向选择行业岗位,通用画像：按教育部本科专业目录门类和相近专业归类；需结合学校培养方案复核核心课程,就业评级B；学习难度3/5；就业面取决于学校平台、城市产业和个人实习/证书积累
国际经济与贸易|经济学|财经|金融|经济|商业|外贸|跨境电商|外贸业务员|报关员|跨境电商运营,国际经济与贸易,经济学,评级C；学习难度2/5；跨境电商方向有增长，传统外贸受贸易摩擦影响,外贸业务员、报关员、跨境电商运营,核心课程/能力：国际贸易实务、国际结算、商务谈判,就业评级C；学习难度2/5；仍需结合学校层次、城市和实习资源判断
国际经贸规则|交叉学科,国际经贸规则,交叉学科,评级B；学习难度3/5；就业面取决于学校平台、城市产业和个人实习/证书积累,结合具体课程方向选择行业岗位,通用画像：按教育部本科专业目录门类和相近专业归类；需结合学校培养方案复核核心课程,就业评级B；学习难度3/5；就业面取决于学校平台、城市产业和个人实习/证书积累
图书情报与档案管理类|管理学|运营管理|市场营销|供应链|电子商务,图书情报与档案管理类,管理学,评级B；学习难度3/5；就业面取决于学校平台、城市产业和个人实习/证书积累,运营管理、市场营销、供应链、电子商务,通用画像：按教育部本科专业目录门类和相近专业归类；需结合学校培养方案复核核心课程,就业评级B；学习难度3/5；就业面取决于学校平台、城市产业和个人实习/证书积累
土地科学与技术|工学|工程技术|产品研发|生产运维|项目实施,土地科学与技术,工学,评级B；学习难度4/5；就业面取决于学校平台、城市产业和个人实习/证书积累,工程技术、产品研发、生产运维、项目实施,通用画像：按教育部本科专业目录门类和相近专业归类；需结合学校培养方案复核核心课程,就业评级B；学习难度4/5；就业面取决于学校平台、城市产业和个人实习/证书积累
土地资源管理|管理学|运营管理|市场营销|供应链|电子商务,土地资源管理,管理学,评级B；学习难度3/5；就业面取决于学校平台、城市产业和个人实习/证书积累,运营管理、市场营销、供应链、电子商务,通用画像：按教育部本科专业目录门类和相近专业归类；需结合学校培养方案复核核心课程,就业评级B；学习难度3/5；就业面取决于学校平台、城市产业和个人实习/证书积累
土木、水利与海洋工程|工学|工程技术|产品研发|生产运维|项目实施,土木、水利与海洋工程,工学,评级C；学习难度4/5；行业周期或供需波动较明显，需要靠城市、学校平台、实习和作品提高确定性,工程技术、产品研发、生产运维、项目实施,通用画像：按教育部本科专业目录门类和相近专业归类；需结合学校培养方案复核核心课程,就业评级C；学习难度4/5；行业周期或供需波动较明显，需要靠城市、学校平台、实习和作品提高确定性
土木工程|工学|工科|工程|技术|土木|建筑|基建|结构工程师|施工管理|基建工程师,土木工程,工学,评级C；学习难度3/5；房地产下行，但基建/市政仍有需求,结构工程师、施工管理、基建工程师,核心课程/能力：结构力学、土力学、工程管理,就业评级C；学习难度3/5；仍需结合学校层次、城市和实习资源判断
土木工程工个上|工学|工程技术|产品研发|生产运维|项目实施,土木工程工个上,工学,评级C；学习难度4/5；行业周期或供需波动较明显，需要靠城市、学校平台、实习和作品提高确定性,工程技术、产品研发、生产运维、项目实施,通用画像：按教育部本科专业目录门类和相近专业归类；需结合学校培养方案复核核心课程,就业评级C；学习难度4/5；行业周期或供需波动较明显，需要靠城市、学校平台、实习和作品提高确定性
土木类|工学|工程技术|产品研发|生产运维|项目实施,土木类,工学,评级C；学习难度4/5；行业周期或供需波动较明显，需要靠城市、学校平台、实习和作品提高确定性,工程技术、产品研发、生产运维、项目实施,通用画像：按教育部本科专业目录门类和相近专业归类；需结合学校培养方案复核核心课程,就业评级C；学习难度4/5；行业周期或供需波动较明显，需要靠城市、学校平台、实习和作品提高确定性
地理信息科学|理学|科研助理|数据分析|教师|技术支持,地理信息科学,理学,评级B；学习难度4/5；就业面取决于学校平台、城市产业和个人实习/证书积累,科研助理、数据分析、教师、技术支持,通用画像：按教育部本科专业目录门类和相近专业归类；需结合学校培养方案复核核心课程,就业评级B；学习难度4/5；就业面取决于学校平台、城市产业和个人实习/证书积累
地理科学|理学|理科|科研|数据|教师|GIS工程师|规划师,地理科学,理学,评级B；学习难度3/5；师范方向稳定，GIS方向有技术含量,教师、GIS工程师、规划师,核心课程/能力：自然地理、人文地理、测绘,就业评级B；学习难度3/5；仍需结合学校层次、城市和实习资源判断
地理科学类|理学|科研助理|数据分析|教师|技术支持,地理科学类,理学,评级B；学习难度4/5；就业面取决于学校平台、城市产业和个人实习/证书积累,科研助理、数据分析、教师、技术支持,通用画像：按教育部本科专业目录门类和相近专业归类；需结合学校培养方案复核核心课程,就业评级B；学习难度4/5；就业面取决于学校平台、城市产业和个人实习/证书积累
地理空间信息工程|工学|工程技术|产品研发|生产运维|项目实施,地理空间信息工程,工学,评级B；学习难度4/5；就业面取决于学校平台、城市产业和个人实习/证书积累,工程技术、产品研发、生产运维、项目实施,通用画像：按教育部本科专业目录门类和相近专业归类；需结合学校培养方案复核核心课程,就业评级B；学习难度4/5；就业面取决于学校平台、城市产业和个人实习/证书积累
地质学类|理学|科研助理|数据分析|教师|技术支持,地质学类,理学,评级B；学习难度4/5；就业面取决于学校平台、城市产业和个人实习/证书积累,科研助理、数据分析、教师、技术支持,通用画像：按教育部本科专业目录门类和相近专业归类；需结合学校培养方案复核核心课程,就业评级B；学习难度4/5；就业面取决于学校平台、城市产业和个人实习/证书积累
城乡规划|交叉学科,城乡规划,交叉学科,评级B；学习难度3/5；就业面取决于学校平台、城市产业和个人实习/证书积累,结合具体课程方向选择行业岗位,通用画像：按教育部本科专业目录门类和相近专业归类；需结合学校培养方案复核核心课程,就业评级B；学习难度3/5；就业面取决于学校平台、城市产业和个人实习/证书积累
城市地下空间工程|工学|工程技术|产品研发|生产运维|项目实施,城市地下空间工程,工学,评级B；学习难度4/5；就业面取决于学校平台、城市产业和个人实习/证书积累,工程技术、产品研发、生产运维、项目实施,通用画像：按教育部本科专业目录门类和相近专业归类；需结合学校培养方案复核核心课程,就业评级B；学习难度4/5；就业面取决于学校平台、城市产业和个人实习/证书积累
城市管理|管理学|运营管理|市场营销|供应链|电子商务,城市管理,管理学,评级B；学习难度3/5；就业面取决于学校平台、城市产业和个人实习/证书积累,运营管理、市场营销、供应链、电子商务,通用画像：按教育部本科专业目录门类和相近专业归类；需结合学校培养方案复核核心课程,就业评级B；学习难度3/5；就业面取决于学校平台、城市产业和个人实习/证书积累
基础医学|医学|医生|医院|医院科室|医学科研|基层医疗,基础医学,医学,评级B；学习难度4/5；就业面取决于学校平台、城市产业和个人实习/证书积累,医生、医院科室、医学科研、基层医疗,通用画像：按教育部本科专业目录门类和相近专业归类；需结合学校培养方案复核核心课程,就业评级B；学习难度4/5；就业面取决于学校平台、城市产业和个人实习/证书积累
外国语言文学类|文学|内容传播|教育|外贸|公共服务,外国语言文学类,文学,评级B；学习难度3/5；就业面取决于学校平台、城市产业和个人实习/证书积累,内容传播、教育、外贸、公共服务,通用画像：按教育部本科专业目录门类和相近专业归类；需结合学校培养方案复核核心课程,就业评级B；学习难度3/5；就业面取决于学校平台、城市产业和个人实习/证书积累
大数据工程技术|工学|数据|算法|统计|软件开发|数据分析|AI应用|信息安全,大数据工程技术,工学,评级A；学习难度4/5；数字化和AI应用需求强，但技术迭代快，需要持续学习和项目作品,软件开发、数据分析、算法/AI应用、信息安全,通用画像：按教育部本科专业目录门类和相近专业归类；需结合学校培养方案复核核心课程,就业评级A；学习难度4/5；数字化和AI应用需求强，但技术迭代快，需要持续学习和项目作品
大数据管理与应用|工学|数据|算法|统计|软件开发|数据分析|AI应用|信息安全,大数据管理与应用,工学,评级A；学习难度4/5；数字化和AI应用需求强，但技术迭代快，需要持续学习和项目作品,软件开发、数据分析、算法/AI应用、信息安全,通用画像：按教育部本科专业目录门类和相近专业归类；需结合学校培养方案复核核心课程,就业评级A；学习难度4/5；数字化和AI应用需求强，但技术迭代快，需要持续学习和项目作品
大气科学|理学|理科|科研|数据|环境|环保|双碳|气象预报员|环境分析员,大气科学,理学,评级C；学习难度4/5；专业窄，但对口就业稳,气象预报员、环境分析员,核心课程/能力：大气物理、天气学、气候学,就业评级C；学习难度4/5；学习压力较高，适合基础扎实且愿意长期投入的学生
大气科学类|理学|科研助理|数据分析|教师|技术支持,大气科学类,理学,评级B；学习难度4/5；就业面取决于学校平台、城市产业和个人实习/证书积累,科研助理、数据分析、教师、技术支持,通用画像：按教育部本科专业目录门类和相近专业归类；需结合学校培养方案复核核心课程,就业评级B；学习难度4/5；就业面取决于学校平台、城市产业和个人实习/证书积累
天文学|理学|科研助理|数据分析|教师|技术支持,天文学,理学,评级B；学习难度4/5；就业面取决于学校平台、城市产业和个人实习/证书积累,科研助理、数据分析、教师、技术支持,通用画像：按教育部本科专业目录门类和相近专业归类；需结合学校培养方案复核核心课程,就业评级B；学习难度4/5；就业面取决于学校平台、城市产业和个人实习/证书积累
学前教育|教育学|教育|师范|教师|幼儿园教师|早教机构,学前教育,教育学,评级B；学习难度2/5；三孩政策利好，但薪资偏低,幼儿园教师、早教机构,核心课程/能力：学前心理学、学前教育学、幼教课程,就业评级B；学习难度2/5；仍需结合学校层次、城市和实习资源判断
安全工程|工学|工科|工程|技术|安全工程师|消防工程师|EHS管理,安全工程,工学,评级B；学习难度3/5；企业安全管理刚需,安全工程师、消防工程师、EHS管理,核心课程/能力：安全系统工程、风险评估、安全法规,就业评级B；学习难度3/5；仍需结合学校层次、城市和实习资源判断
审计学|管理学|管理|商业|运营|财经|会计|审计|财务|审计师|内部控制专员,审计学,管理学,评级B；学习难度3/5；四大会计师事务所是大雇主,审计师、内部控制专员,核心课程/能力：审计学、内部控制、鉴证业务,就业评级B；学习难度3/5；仍需结合学校层次、城市和实习资源判断
家具设计与工程|工学|设计|文创|艺术教育|展演|制作,家具设计与工程,工学,评级B；学习难度4/5；就业面取决于学校平台、城市产业和个人实习/证书积累,设计、文创、艺术教育、展演/制作,通用画像：按教育部本科专业目录门类和相近专业归类；需结合学校培养方案复核核心课程,就业评级B；学习难度4/5；就业面取决于学校平台、城市产业和个人实习/证书积累
密码科学与技术|工学|软件开发|数据分析|算法|AI应用|信息安全,密码科学与技术,工学,评级B；学习难度5/5；就业面取决于学校平台、城市产业和个人实习/证书积累,软件开发、数据分析、算法/AI应用、信息安全,通用画像：按教育部本科专业目录门类和相近专业归类；需结合学校培养方案复核核心课程,就业评级B；学习难度5/5；就业面取决于学校平台、城市产业和个人实习/证书积累
小学教育|教育学|教育|师范|教师|小学教师,小学教育,教育学,评级A；学习难度2/5；公办编制竞争大但稳定,小学教师,核心课程/能力：小学课程论、儿童发展、班级管理,就业评级A；学习难度2/5；仍需结合学校层次、城市和实习资源判断
嵌入式技术|工学|工程技术|产品研发|生产运维|项目实施,嵌入式技术,工学,评级B；学习难度4/5；就业面取决于学校平台、城市产业和个人实习/证书积累,工程技术、产品研发、生产运维、项目实施,通用画像：按教育部本科专业目录门类和相近专业归类；需结合学校培养方案复核核心课程,就业评级B；学习难度4/5；就业面取决于学校平台、城市产业和个人实习/证书积累
工业互联网技术|工学|工程技术|产品研发|生产运维|项目实施,工业互联网技术,工学,评级B；学习难度4/5；就业面取决于学校平台、城市产业和个人实习/证书积累,工程技术、产品研发、生产运维、项目实施,通用画像：按教育部本科专业目录门类和相近专业归类；需结合学校培养方案复核核心课程,就业评级B；学习难度4/5；就业面取决于学校平台、城市产业和个人实习/证书积累
工业工程|工学|工程技术|产品研发|生产运维|项目实施,工业工程,工学,评级B；学习难度4/5；就业面取决于学校平台、城市产业和个人实习/证书积累,工程技术、产品研发、生产运维、项目实施,通用画像：按教育部本科专业目录门类和相近专业归类；需结合学校培养方案复核核心课程,就业评级B；学习难度4/5；就业面取决于学校平台、城市产业和个人实习/证书积累
工业设计|艺术学|设计|文创|艺术教育|展演|制作,工业设计,艺术学,评级B；学习难度3/5；就业面取决于学校平台、城市产业和个人实习/证书积累,设计、文创、艺术教育、展演/制作,通用画像：按教育部本科专业目录门类和相近专业归类；需结合学校培养方案复核核心课程,就业评级B；学习难度3/5；就业面取决于学校平台、城市产业和个人实习/证书积累
工业软件|工学|软件开发|数据分析|算法|AI应用|信息安全,工业软件,工学,评级A；学习难度4/5；数字化和AI应用需求强，但技术迭代快，需要持续学习和项目作品,软件开发、数据分析、算法/AI应用、信息安全,通用画像：按教育部本科专业目录门类和相近专业归类；需结合学校培养方案复核核心课程,就业评级A；学习难度4/5；数字化和AI应用需求强，但技术迭代快，需要持续学习和项目作品
工商管理|管理学|管理|商业|运营|企业管理培训生|HR|行政,工商管理,管理学,"评级D；学习难度2/5；内容太泛，""万金油""专业，建议辅修技能",企业管理培训生、HR、行政,核心课程/能力：管理学、组织行为学、市场营销,就业评级D；学习难度2/5；谨慎选择，需用证书、实习或作品拉开差距
工商管理类|管理学|运营管理|市场营销|供应链|电子商务,工商管理类,管理学,评级B；学习难度3/5；就业面取决于学校平台、城市产业和个人实习/证书积累,运营管理、市场营销、供应链、电子商务,通用画像：按教育部本科专业目录门类和相近专业归类；需结合学校培养方案复核核心课程,就业评级B；学习难度3/5；就业面取决于学校平台、城市产业和个人实习/证书积累
工科试验班|交叉学科,工科试验班,交叉学科,评级B；学习难度3/5；就业面取决于学校平台、城市产业和个人实习/证书积累,结合具体课程方向选择行业岗位,通用画像：按教育部本科专业目录门类和相近专业归类；需结合学校培养方案复核核心课程,就业评级B；学习难度3/5；就业面取决于学校平台、城市产业和个人实习/证书积累
工程力学|工学|工程技术|产品研发|生产运维|项目实施,工程力学,工学,评级B；学习难度4/5；就业面取决于学校平台、城市产业和个人实习/证书积累,工程技术、产品研发、生产运维、项目实施,通用画像：按教育部本科专业目录门类和相近专业归类；需结合学校培养方案复核核心课程,就业评级B；学习难度4/5；就业面取决于学校平台、城市产业和个人实习/证书积累
工程管理|工学|运营管理|市场营销|供应链|电子商务,工程管理,工学,评级B；学习难度4/5；就业面取决于学校平台、城市产业和个人实习/证书积累,运营管理、市场营销、供应链、电子商务,通用画像：按教育部本科专业目录门类和相近专业归类；需结合学校培养方案复核核心课程,就业评级B；学习难度4/5；就业面取决于学校平台、城市产业和个人实习/证书积累
工程造价|工学|工程技术|产品研发|生产运维|项目实施,工程造价,工学,评级B；学习难度4/5；就业面取决于学校平台、城市产业和个人实习/证书积累,工程技术、产品研发、生产运维、项目实施,通用画像：按教育部本科专业目录门类和相近专业归类；需结合学校培养方案复核核心课程,就业评级B；学习难度4/5；就业面取决于学校平台、城市产业和个人实习/证书积累
工艺美术|艺术学|设计|文创|艺术教育|展演|制作,工艺美术,艺术学,评级C；学习难度3/5；行业周期或供需波动较明显，需要靠城市、学校平台、实习和作品提高确定性,设计、文创、艺术教育、展演/制作,通用画像：按教育部本科专业目录门类和相近专业归类；需结合学校培养方案复核核心课程,就业评级C；学习难度3/5；行业周期或供需波动较明显，需要靠城市、学校平台、实习和作品提高确定性
市场营销|管理学|管理|商业|运营|销售|品牌管理|市场策划,市场营销,管理学,评级D；学习难度2/5；门槛低，优秀销售不需要专业对口；数字营销是新方向,销售、品牌管理、市场策划,核心课程/能力：消费者行为学、营销策划、品牌管理,就业评级D；学习难度2/5；谨慎选择，需用证书、实习或作品拉开差距
广告学|文学|语言|传媒|内容|广告|营销|广告策划|创意文案|媒介投放,广告学,文学,评级C；学习难度2/5；数字营销方向转型中,广告策划、创意文案、媒介投放,核心课程/能力：广告学、消费者行为、创意设计,就业评级C；学习难度2/5；仍需结合学校层次、城市和实习资源判断
广播电视学|交叉学科,广播电视学,交叉学科,评级B；学习难度3/5；就业面取决于学校平台、城市产业和个人实习/证书积累,结合具体课程方向选择行业岗位,通用画像：按教育部本科专业目录门类和相近专业归类；需结合学校培养方案复核核心课程,就业评级B；学习难度3/5；就业面取决于学校平台、城市产业和个人实习/证书积累
广播电视编导|交叉学科,广播电视编导,交叉学科,评级C；学习难度3/5；行业周期或供需波动较明显，需要靠城市、学校平台、实习和作品提高确定性,结合具体课程方向选择行业岗位,通用画像：按教育部本科专业目录门类和相近专业归类；需结合学校培养方案复核核心课程,就业评级C；学习难度3/5；行业周期或供需波动较明显，需要靠城市、学校平台、实习和作品提高确定性
应急管理|管理学|运营管理|市场营销|供应链|电子商务,应急管理,管理学,评级B；学习难度3/5；就业面取决于学校平台、城市产业和个人实习/证书积累,运营管理、市场营销、供应链、电子商务,通用画像：按教育部本科专业目录门类和相近专业归类；需结合学校培养方案复核核心课程,就业评级B；学习难度3/5；就业面取决于学校平台、城市产业和个人实习/证书积累
应用化学|理学|理科|科研|数据|材料|新材料|半导体|化工技术员|质检工程师,应用化学,理学,评级B；学习难度3/5；能源/材料/日化方向,化工技术员、质检工程师,核心课程/能力：应用化学、仪器分析、工艺化学,就业评级B；学习难度3/5；仍需结合学校层次、城市和实习资源判断
应用心理学|理学|科研助理|数据分析|教师|技术支持,应用心理学,理学,评级B；学习难度4/5；就业面取决于学校平台、城市产业和个人实习/证书积累,科研助理、数据分析、教师、技术支持,通用画像：按教育部本科专业目录门类和相近专业归类；需结合学校培养方案复核核心课程,就业评级B；学习难度4/5；就业面取决于学校平台、城市产业和个人实习/证书积累
应用气象学|理学|科研助理|数据分析|教师|技术支持,应用气象学,理学,评级B；学习难度4/5；就业面取决于学校平台、城市产业和个人实习/证书积累,科研助理、数据分析、教师、技术支持,通用画像：按教育部本科专业目录门类和相近专业归类；需结合学校培养方案复核核心课程,就业评级B；学习难度4/5；就业面取决于学校平台、城市产业和个人实习/证书积累
应用物理学|理学|理科|科研|数据|光电工程师|半导体工程师,应用物理学,理学,评级B；学习难度4/5；半导体/光伏方向对口,光电工程师、半导体工程师,核心课程/能力：应用物理、光电子学、材料物理,就业评级B；学习难度4/5；学习压力较高，适合基础扎实且愿意长期投入的学生
应用统计学|理学|科研助理|数据分析|教师|技术支持,应用统计学,理学,评级B；学习难度4/5；就业面取决于学校平台、城市产业和个人实习/证书积累,科研助理、数据分析、教师、技术支持,通用画像：按教育部本科专业目录门类和相近专业归类；需结合学校培养方案复核核心课程,就业评级B；学习难度4/5；就业面取决于学校平台、城市产业和个人实习/证书积累
康复治疗学|医学|医生|医院|康复|康复治疗师,康复治疗学,医学,评级B；学习难度3/5；老龄化社会需求增长,康复治疗师,核心课程/能力：物理治疗、作业治疗、言语治疗,就业评级B；学习难度3/5；仍需结合学校层次、城市和实习资源判断
康复物理治疗|医学|医院医技|护理|康复治疗|公共卫生,康复物理治疗,医学,评级B；学习难度4/5；医疗健康刚需强，培养周期和执业资格要求高,医院医技、护理、康复治疗、公共卫生,通用画像：按教育部本科专业目录门类和相近专业归类；需结合学校培养方案复核核心课程,就业评级B；学习难度4/5；医疗健康刚需强，培养周期和执业资格要求高
建筑学|工学|工科|工程|技术|建筑|设计|城市|建筑设计师|规划师,建筑学,工学,评级C；学习难度4/5；行业周期性低谷，但高端设计人才仍稀缺,建筑设计师、规划师,核心课程/能力：建筑设计、建筑史、城市规划,就业评级C；学习难度4/5；学习压力较高，适合基础扎实且愿意长期投入的学生
建筑环境与能源应用工程|工学|新能源|储能|双碳|电力系统|自动化控制|新能源设备|智能制造,建筑环境与能源应用工程,工学,评级C；学习难度4/5；电网、新能源和制造业升级带来稳定需求,电力系统、自动化控制、新能源设备、智能制造,通用画像：按教育部本科专业目录门类和相近专业归类；需结合学校培养方案复核核心课程,就业评级C；学习难度4/5；电网、新能源和制造业升级带来稳定需求
建筑电气与智能化|工学|AI|人工智能|智能制造|新能源|电力|电网|电力系统|自动化控制|新能源设备,建筑电气与智能化,工学,评级A；学习难度4/5；电网、新能源和制造业升级带来稳定需求,电力系统、自动化控制、新能源设备、智能制造,通用画像：按教育部本科专业目录门类和相近专业归类；需结合学校培养方案复核核心课程,就业评级A；学习难度4/5；电网、新能源和制造业升级带来稳定需求
建筑类|工学|工程技术|产品研发|生产运维|项目实施,建筑类,工学,评级C；学习难度4/5；行业周期或供需波动较明显，需要靠城市、学校平台、实习和作品提高确定性,工程技术、产品研发、生产运维、项目实施,通用画像：按教育部本科专业目录门类和相近专业归类；需结合学校培养方案复核核心课程,就业评级C；学习难度4/5；行业周期或供需波动较明显，需要靠城市、学校平台、实习和作品提高确定性
微机电系统工程|工学|工程技术|产品研发|生产运维|项目实施,微机电系统工程,工学,评级B；学习难度4/5；就业面取决于学校平台、城市产业和个人实习/证书积累,工程技术、产品研发、生产运维、项目实施,通用画像：按教育部本科专业目录门类和相近专业归类；需结合学校培养方案复核核心课程,就业评级B；学习难度4/5；就业面取决于学校平台、城市产业和个人实习/证书积累
微电子科学与工程|工学|工科|工程|技术|电子信息|芯片|硬件|半导体|集成电路|集成电路工程师|芯片设计工程师,微电子科学与工程,工学,评级A；学习难度5/5；国家战略急需，绿牌专业，薪酬高(月薪7200+),集成电路工程师、芯片设计工程师,核心课程/能力：半导体物理、集成电路设计、EDA,就业评级A；学习难度5/5；学习压力较高，适合基础扎实且愿意长期投入的学生
德语|文学|内容传播|教育|外贸|公共服务,德语,文学,评级B；学习难度3/5；就业面取决于学校平台、城市产业和个人实习/证书积累,内容传播、教育、外贸、公共服务,通用画像：按教育部本科专业目录门类和相近专业归类；需结合学校培养方案复核核心课程,就业评级B；学习难度3/5；就业面取决于学校平台、城市产业和个人实习/证书积累
心理|教育|咨询|用户研究|心理学|理学|理科|科研|数据|师范|教师|心理咨询师|人力资源管理,心理学,理学,评级C；学习难度3/5；社会需求在增长但收入两极分化,用户研究/人力资源/教育测评/心理咨询助理,适合统计基础和沟通能力都较好的学生,就业评级C；学习难度3/5；仍需结合学校层次、城市和实习资源判断
心理学基地班|理学|科研助理|数据分析|教师|技术支持,心理学基地班,理学,评级B；学习难度4/5；就业面取决于学校平台、城市产业和个人实习/证书积累,科研助理、数据分析、教师、技术支持,通用画像：按教育部本科专业目录门类和相近专业归类；需结合学校培养方案复核核心课程,就业评级B；学习难度4/5；就业面取决于学校平台、城市产业和个人实习/证书积累
思想政治教育|法学|教育|师范|教师|教培|教育管理|课程研发,思想政治教育,法学,评级B；学习难度3/5；就业面取决于学校平台、城市产业和个人实习/证书积累,教师、教培、教育管理、课程研发,通用画像：按教育部本科专业目录门类和相近专业归类；需结合学校培养方案复核核心课程,就业评级B；学习难度3/5；就业面取决于学校平台、城市产业和个人实习/证书积累
意大利语|交叉学科,意大利语,交叉学科,评级B；学习难度3/5；就业面取决于学校平台、城市产业和个人实习/证书积累,结合具体课程方向选择行业岗位,通用画像：按教育部本科专业目录门类和相近专业归类；需结合学校培养方案复核核心课程,就业评级B；学习难度3/5；就业面取决于学校平台、城市产业和个人实习/证书积累
戏剧影视文学|艺术学|设计|文创|艺术教育|传媒制作,戏剧影视文学,艺术学,评级B；学习难度3/5；就业面取决于学校平台、城市产业和个人实习/证书积累,设计、文创、艺术教育、传媒制作,通用画像：按教育部本科专业目录门类和相近专业归类；需结合学校培养方案复核核心课程,就业评级B；学习难度3/5；就业面取决于学校平台、城市产业和个人实习/证书积累
房地产开发与管理|管理学|运营管理|市场营销|供应链|电子商务,房地产开发与管理,管理学,评级B；学习难度3/5；就业面取决于学校平台、城市产业和个人实习/证书积累,运营管理、市场营销、供应链、电子商务,通用画像：按教育部本科专业目录门类和相近专业归类；需结合学校培养方案复核核心课程,就业评级B；学习难度3/5；就业面取决于学校平台、城市产业和个人实习/证书积累
投资学|经济学|银行|证券|保险|财税|企业经营分析,投资学,经济学,评级B；学习难度3/5；就业面取决于学校平台、城市产业和个人实习/证书积累,银行、证券、保险、财税、企业经营分析,通用画像：按教育部本科专业目录门类和相近专业归类；需结合学校培养方案复核核心课程,就业评级B；学习难度3/5；就业面取决于学校平台、城市产业和个人实习/证书积累
护理学|医学|医生|医院|护理|护士|护理管理者,护理学,医学,评级A；学习难度3/5；人才缺口巨大，三甲医院稳定，但工作辛苦,护士、护理管理者,核心课程/能力：基础护理、内外科护理、急救护理,就业评级A；学习难度3/5；仍需结合学校层次、城市和实习资源判断
政治学与行政学|法学|法律服务|合规|公务员|公共治理,政治学与行政学,法学,评级B；学习难度3/5；就业面取决于学校平台、城市产业和个人实习/证书积累,法律服务、合规、公务员、公共治理,通用画像：按教育部本科专业目录门类和相近专业归类；需结合学校培养方案复核核心课程,就业评级B；学习难度3/5；就业面取决于学校平台、城市产业和个人实习/证书积累
政治学类|法学|法律服务|合规|公务员|公共治理,政治学类,法学,评级B；学习难度3/5；就业面取决于学校平台、城市产业和个人实习/证书积累,法律服务、合规、公务员、公共治理,通用画像：按教育部本科专业目录门类和相近专业归类；需结合学校培养方案复核核心课程,就业评级B；学习难度3/5；就业面取决于学校平台、城市产业和个人实习/证书积累
教育学|教育|师范|教师|教育管理者|培训机构|教育研究,教育学,教育学,"评级B；学习难度2/5；非""教师证""对口，偏向管理研究",教育管理者、培训机构、教育研究,核心课程/能力：教育学原理、教育心理学、课程论,就业评级B；学习难度2/5；仍需结合学校层次、城市和实习资源判断
教育技术学|教育学|教育|师范|教师|教育技术师|在线教育设计,教育技术学,教育学,评级C；学习难度3/5；在线教育发展催生新需求,教育技术师、在线教育设计,核心课程/能力：教育技术、多媒体设计、在线教育,就业评级C；学习难度3/5；仍需结合学校层次、城市和实习资源判断
数字印刷工程|工学|工程技术|产品研发|生产运维|项目实施,数字印刷工程,工学,评级B；学习难度4/5；就业面取决于学校平台、城市产业和个人实习/证书积累,工程技术、产品研发、生产运维、项目实施,通用画像：按教育部本科专业目录门类和相近专业归类；需结合学校培养方案复核核心课程,就业评级B；学习难度4/5；就业面取决于学校平台、城市产业和个人实习/证书积累
数字媒体技术|工学|工科|工程|技术|游戏开发|CG|虚拟现实,数字媒体技术,工学,评级B；学习难度3/5；游戏开发/CG/虚拟现实，广东文化娱乐产业发达,游戏开发/CG/虚拟现实，广东文化娱乐产业发达,参考相近专业的课程和能力要求,就业评级B；学习难度3/5；仍需结合学校层次、城市和实习资源判断
数字媒体艺术|艺术学|设计|文创|艺术教育|展演|制作,数字媒体艺术,艺术学,评级C；学习难度3/5；行业周期或供需波动较明显，需要靠城市、学校平台、实习和作品提高确定性,设计、文创、艺术教育、展演/制作,通用画像：按教育部本科专业目录门类和相近专业归类；需结合学校培养方案复核核心课程,就业评级C；学习难度3/5；行业周期或供需波动较明显，需要靠城市、学校平台、实习和作品提高确定性
数字经济|经济学|银行|证券|保险|财税|企业经营分析,数字经济,经济学,评级B；学习难度3/5；就业面取决于学校平台、城市产业和个人实习/证书积累,银行、证券、保险、财税、企业经营分析,通用画像：按教育部本科专业目录门类和相近专业归类；需结合学校培养方案复核核心课程,就业评级B；学习难度3/5；就业面取决于学校平台、城市产业和个人实习/证书积累
数学与应用数学|理学|理科|科研|数据|财经|金融|投资|银行|教育|师范|教师|量化分析师|算法工程师,数学与应用数学,理学,评级A；学习难度5/5；万能基础学科，可转行IT/金融/教育,教师、量化分析师、算法工程师,核心课程/能力：数学分析、高等代数、概率论,就业评级A；学习难度5/5；学习压力较高，适合基础扎实且愿意长期投入的学生
数学类|理学|科研助理|数据分析|教师|技术支持,数学类,理学,评级B；学习难度4/5；就业面取决于学校平台、城市产业和个人实习/证书积累,科研助理、数据分析、教师、技术支持,通用画像：按教育部本科专业目录门类和相近专业归类；需结合学校培养方案复核核心课程,就业评级B；学习难度4/5；就业面取决于学校平台、城市产业和个人实习/证书积累
数据科学与大数据技术|工学|工科|工程|技术|数据|算法|统计|数据分析师|大数据工程师|BI工程师,数据科学与大数据技术,工学,评级A；学习难度4/5；各行业都需要，需求持续增长,数据分析师、大数据工程师、BI工程师,核心课程/能力：统计学、分布式计算、数据挖掘,就业评级A；学习难度4/5；学习压力较高，适合基础扎实且愿意长期投入的学生
数据计算及应用|工学|数据|算法|统计|软件开发|数据分析|AI应用|信息安全,数据计算及应用,工学,评级A；学习难度4/5；数字化和AI应用需求强，但技术迭代快，需要持续学习和项目作品,软件开发、数据分析、算法/AI应用、信息安全,通用画像：按教育部本科专业目录门类和相近专业归类；需结合学校培养方案复核核心课程,就业评级A；学习难度4/5；数字化和AI应用需求强，但技术迭代快，需要持续学习和项目作品
文化产业管理|管理学|运营管理|市场营销|供应链|电子商务,文化产业管理,管理学,评级B；学习难度3/5；就业面取决于学校平台、城市产业和个人实习/证书积累,运营管理、市场营销、供应链、电子商务,通用画像：按教育部本科专业目录门类和相近专业归类；需结合学校培养方案复核核心课程,就业评级B；学习难度3/5；就业面取决于学校平台、城市产业和个人实习/证书积累
文化遗产|历史学,文化遗产,历史学,评级B；学习难度3/5；就业面取决于学校平台、城市产业和个人实习/证书积累,结合具体课程方向选择行业岗位,通用画像：按教育部本科专业目录门类和相近专业归类；需结合学校培养方案复核核心课程,就业评级B；学习难度3/5；就业面取决于学校平台、城市产业和个人实习/证书积累
新材料与应用技术|工学|工程技术|产品研发|生产运维|项目实施,新材料与应用技术,工学,评级B；学习难度4/5；就业面取决于学校平台、城市产业和个人实习/证书积累,工程技术、产品研发、生产运维、项目实施,通用画像：按教育部本科专业目录门类和相近专业归类；需结合学校培养方案复核核心课程,就业评级B；学习难度4/5；就业面取决于学校平台、城市产业和个人实习/证书积累
新能源材料与器件|工学|新能源|储能|双碳|电力系统|自动化控制|新能源设备|智能制造,新能源材料与器件,工学,评级A；学习难度4/5；电网、新能源和制造业升级带来稳定需求,电力系统、自动化控制、新能源设备、智能制造,通用画像：按教育部本科专业目录门类和相近专业归类；需结合学校培养方案复核核心课程,就业评级A；学习难度4/5；电网、新能源和制造业升级带来稳定需求
新能源汽车工程|工学|新能源|储能|双碳|电力系统|自动化控制|新能源设备|智能制造,新能源汽车工程,工学,评级A；学习难度4/5；电网、新能源和制造业升级带来稳定需求,电力系统、自动化控制、新能源设备、智能制造,通用画像：按教育部本科专业目录门类和相近专业归类；需结合学校培养方案复核核心课程,就业评级A；学习难度4/5；电网、新能源和制造业升级带来稳定需求
新能源汽车工程技术|工学|新能源|储能|双碳|电力系统|自动化控制|新能源设备|智能制造,新能源汽车工程技术,工学,评级A；学习难度4/5；电网、新能源和制造业升级带来稳定需求,电力系统、自动化控制、新能源设备、智能制造,通用画像：按教育部本科专业目录门类和相近专业归类；需结合学校培养方案复核核心课程,就业评级A；学习难度4/5；电网、新能源和制造业升级带来稳定需求
新能源科学与工程|工学|工科|工程|技术|新能源|储能|电力|新能源工程师|光伏|风电工程师,新能源科学与工程,工学,评级A；学习难度4/5；多次绿牌，碳中和战略驱动,新能源工程师、光伏/风电工程师,核心课程/能力：新能源技术、储能技术、能源管理,就业评级A；学习难度4/5；学习压力较高，适合基础扎实且愿意长期投入的学生
传媒|内容|广告|新媒体,新闻传播学,文学,传统媒体岗位收缩，新媒体、品牌、内容运营仍有机会但波动大,内容运营/品牌传播/公关/媒体编辑,适合表达强、作品意识强、能适应平台变化的学生,行业波动大，作品集和实习比课堂成绩更影响就业
新闻传播学类|文学|传媒|内容|传播|内容运营|媒体传播|外贸|翻译|教育,新闻传播学类,文学,评级B；学习难度3/5；就业面取决于学校平台、城市产业和个人实习/证书积累,内容运营、媒体传播、外贸/翻译、教育,通用画像：按教育部本科专业目录门类和相近专业归类；需结合学校培养方案复核核心课程,就业评级B；学习难度3/5；就业面取决于学校平台、城市产业和个人实习/证书积累
新闻学|文学|语言|传媒|内容|新闻|新媒体|记者|编辑|新媒体运营,新闻学,文学,评级C；学习难度2/5；传统媒体萎缩，新媒体/自媒体是出路,记者、编辑、新媒体运营,核心课程/能力：新闻采访、新闻写作、传播学,就业评级C；学习难度2/5；仍需结合学校层次、城市和实习资源判断
旅游管理|管理学|管理|商业|运营|财经|经济|酒店管理|旅行社|景区管理,旅游管理,管理学,评级D；学习难度2/5；行业受经济波动影响大，疫情后恢复中,酒店管理、旅行社、景区管理,核心课程/能力：旅游学、酒店管理、旅游资源规划,就业评级D；学习难度2/5；谨慎选择，需用证书、实习或作品拉开差距
旅游管理与服务教育|管理学|教育|师范|教师|运营管理|市场营销|供应链|电子商务,旅游管理与服务教育,管理学,评级C；学习难度3/5；行业周期或供需波动较明显，需要靠城市、学校平台、实习和作品提高确定性,运营管理、市场营销、供应链、电子商务,通用画像：按教育部本科专业目录门类和相近专业归类；需结合学校培养方案复核核心课程,就业评级C；学习难度3/5；行业周期或供需波动较明显，需要靠城市、学校平台、实习和作品提高确定性
旅游管理类|管理学|运营管理|市场营销|供应链|电子商务,旅游管理类,管理学,评级C；学习难度3/5；行业周期或供需波动较明显，需要靠城市、学校平台、实习和作品提高确定性,运营管理、市场营销、供应链、电子商务,通用画像：按教育部本科专业目录门类和相近专业归类；需结合学校培养方案复核核心课程,就业评级C；学习难度3/5；行业周期或供需波动较明显，需要靠城市、学校平台、实习和作品提高确定性
无人机系统应用技术|工学|装备制造|汽车工程|机器人应用|生产工艺,无人机系统应用技术,工学,评级B；学习难度4/5；就业面取决于学校平台、城市产业和个人实习/证书积累,装备制造、汽车工程、机器人应用、生产工艺,通用画像：按教育部本科专业目录门类和相近专业归类；需结合学校培养方案复核核心课程,就业评级B；学习难度4/5；就业面取决于学校平台、城市产业和个人实习/证书积累
无人驾驶航空器系统工程|工学|装备制造|汽车工程|机器人应用|生产工艺,无人驾驶航空器系统工程,工学,评级B；学习难度4/5；就业面取决于学校平台、城市产业和个人实习/证书积累,装备制造、汽车工程、机器人应用、生产工艺,通用画像：按教育部本科专业目录门类和相近专业归类；需结合学校培养方案复核核心课程,就业评级B；学习难度4/5；就业面取决于学校平台、城市产业和个人实习/证书积累
无机非金属材料工程|工学|工程技术|产品研发|生产运维|项目实施,无机非金属材料工程,工学,评级B；学习难度4/5；就业面取决于学校平台、城市产业和个人实习/证书积累,工程技术、产品研发、生产运维、项目实施,通用画像：按教育部本科专业目录门类和相近专业归类；需结合学校培养方案复核核心课程,就业评级B；学习难度4/5；就业面取决于学校平台、城市产业和个人实习/证书积累
日语|文学|语言|传媒|内容|日语翻译|日企职员,日语,文学,评级C；学习难度2/5；日企在华南有需求，但中日关系波动,日语翻译、日企职员,核心课程/能力：综合日语、日本文学、日语翻译,就业评级C；学习难度2/5；仍需结合学校层次、城市和实习资源判断
智慧交通|工学|工程技术|产品研发|生产运维|项目实施,智慧交通,工学,评级B；学习难度4/5；就业面取决于学校平台、城市产业和个人实习/证书积累,工程技术、产品研发、生产运维、项目实施,通用画像：按教育部本科专业目录门类和相近专业归类；需结合学校培养方案复核核心课程,就业评级B；学习难度4/5；就业面取决于学校平台、城市产业和个人实习/证书积累
智慧牧业科学与工程|工学|工程技术|产品研发|生产运维|项目实施,智慧牧业科学与工程,工学,评级B；学习难度4/5；就业面取决于学校平台、城市产业和个人实习/证书积累,工程技术、产品研发、生产运维、项目实施,通用画像：按教育部本科专业目录门类和相近专业归类；需结合学校培养方案复核核心课程,就业评级B；学习难度4/5；就业面取决于学校平台、城市产业和个人实习/证书积累
智能交互设计|工学|AI|人工智能|智能制造|设计|文创|艺术教育|展演|制作,智能交互设计,工学,评级B；学习难度4/5；就业面取决于学校平台、城市产业和个人实习/证书积累,设计、文创、艺术教育、展演/制作,通用画像：按教育部本科专业目录门类和相近专业归类；需结合学校培养方案复核核心课程,就业评级B；学习难度4/5；就业面取决于学校平台、城市产业和个人实习/证书积累
智能制造工程|工学|工科|工程|技术|新工科|制造业升级|广东制造大省需求,智能制造工程,工学,评级A；学习难度4/5；新工科，制造业升级，广东制造大省需求,新工科，制造业升级，广东制造大省需求,参考相近专业的课程和能力要求,就业评级A；学习难度4/5；学习压力较高，适合基础扎实且愿意长期投入的学生
智能制造工程技术|工学|AI|人工智能|智能制造|装备制造|汽车工程|机器人应用|生产工艺,智能制造工程技术,工学,评级B；学习难度4/5；就业面取决于学校平台、城市产业和个人实习/证书积累,装备制造、汽车工程、机器人应用、生产工艺,通用画像：按教育部本科专业目录门类和相近专业归类；需结合学校培养方案复核核心课程,就业评级B；学习难度4/5；就业面取决于学校平台、城市产业和个人实习/证书积累
智能医学工程|工学|工科|工程|技术|医学|医生|医院|AI+医学交叉|精准医疗方向,智能医学工程,工学,评级B；学习难度4/5；AI+医学交叉，精准医疗方向,AI+医学交叉，精准医疗方向,参考相近专业的课程和能力要求,就业评级B；学习难度4/5；学习压力较高，适合基础扎实且愿意长期投入的学生
智能工程与创意设计|工学|AI|人工智能|智能制造|设计|文创|艺术教育|展演|制作,智能工程与创意设计,工学,评级B；学习难度4/5；就业面取决于学校平台、城市产业和个人实习/证书积累,设计、文创、艺术教育、展演/制作,通用画像：按教育部本科专业目录门类和相近专业归类；需结合学校培养方案复核核心课程,就业评级B；学习难度4/5；就业面取决于学校平台、城市产业和个人实习/证书积累
智能建造|工学|AI|人工智能|智能制造|工程技术|产品研发|生产运维|项目实施,智能建造,工学,评级B；学习难度4/5；就业面取决于学校平台、城市产业和个人实习/证书积累,工程技术、产品研发、生产运维、项目实施,通用画像：按教育部本科专业目录门类和相近专业归类；需结合学校培养方案复核核心课程,就业评级B；学习难度4/5；就业面取决于学校平台、城市产业和个人实习/证书积累
智能建造工程|工学|AI|人工智能|智能制造|工程技术|产品研发|生产运维|项目实施,智能建造工程,工学,评级B；学习难度4/5；就业面取决于学校平台、城市产业和个人实习/证书积累,工程技术、产品研发、生产运维、项目实施,通用画像：按教育部本科专业目录门类和相近专业归类；需结合学校培养方案复核核心课程,就业评级B；学习难度4/5；就业面取决于学校平台、城市产业和个人实习/证书积累
智能感知工程|工学|AI|人工智能|智能制造|工程技术|产品研发|生产运维|项目实施,智能感知工程,工学,评级B；学习难度4/5；就业面取决于学校平台、城市产业和个人实习/证书积累,工程技术、产品研发、生产运维、项目实施,通用画像：按教育部本科专业目录门类和相近专业归类；需结合学校培养方案复核核心课程,就业评级B；学习难度4/5；就业面取决于学校平台、城市产业和个人实习/证书积累
智能海洋装备|工学|AI|人工智能|智能制造|工程技术|产品研发|生产运维|项目实施,智能海洋装备,工学,评级B；学习难度4/5；就业面取决于学校平台、城市产业和个人实习/证书积累,工程技术、产品研发、生产运维、项目实施,通用画像：按教育部本科专业目录门类和相近专业归类；需结合学校培养方案复核核心课程,就业评级B；学习难度4/5；就业面取决于学校平台、城市产业和个人实习/证书积累
智能电网信息工程|工学|AI|人工智能|智能制造|电力系统|自动化控制|新能源设备,智能电网信息工程,工学,评级B；学习难度4/5；就业面取决于学校平台、城市产业和个人实习/证书积累,电力系统、自动化控制、新能源设备、智能制造,通用画像：按教育部本科专业目录门类和相近专业归类；需结合学校培养方案复核核心课程,就业评级B；学习难度4/5；就业面取决于学校平台、城市产业和个人实习/证书积累
智能科学与技术|工学|AI|人工智能|智能制造|工程技术|产品研发|生产运维|项目实施,智能科学与技术,工学,评级B；学习难度4/5；就业面取决于学校平台、城市产业和个人实习/证书积累,工程技术、产品研发、生产运维、项目实施,通用画像：按教育部本科专业目录门类和相近专业归类；需结合学校培养方案复核核心课程,就业评级B；学习难度4/5；就业面取决于学校平台、城市产业和个人实习/证书积累
智能网联汽车工程技术|工学|AI|人工智能|智能制造|工程技术|产品研发|生产运维|项目实施,智能网联汽车工程技术,工学,评级B；学习难度4/5；就业面取决于学校平台、城市产业和个人实习/证书积累,工程技术、产品研发、生产运维、项目实施,通用画像：按教育部本科专业目录门类和相近专业归类；需结合学校培养方案复核核心课程,就业评级B；学习难度4/5；就业面取决于学校平台、城市产业和个人实习/证书积累
服装设计与工程|工学|设计|文创|艺术教育|展演|制作,服装设计与工程,工学,评级B；学习难度4/5；就业面取决于学校平台、城市产业和个人实习/证书积累,设计、文创、艺术教育、展演/制作,通用画像：按教育部本科专业目录门类和相近专业归类；需结合学校培养方案复核核心课程,就业评级B；学习难度4/5；就业面取决于学校平台、城市产业和个人实习/证书积累
朝鲜语|交叉学科,朝鲜语,交叉学科,评级B；学习难度3/5；就业面取决于学校平台、城市产业和个人实习/证书积累,结合具体课程方向选择行业岗位,通用画像：按教育部本科专业目录门类和相近专业归类；需结合学校培养方案复核核心课程,就业评级B；学习难度3/5；就业面取决于学校平台、城市产业和个人实习/证书积累
木材科学与工程|工学|工程技术|产品研发|生产运维|项目实施,木材科学与工程,工学,评级B；学习难度4/5；就业面取决于学校平台、城市产业和个人实习/证书积累,工程技术、产品研发、生产运维、项目实施,通用画像：按教育部本科专业目录门类和相近专业归类；需结合学校培养方案复核核心课程,就业评级B；学习难度4/5；就业面取决于学校平台、城市产业和个人实习/证书积累
机器人工程|工学|工科|工程|技术|机器人|智能制造|自动化|控制|机器人工程师|自动化工程师,机器人工程,工学,评级A；学习难度4/5；2025年首次绿牌，智能制造风口,机器人工程师、自动化工程师,核心课程/能力：机器人学、运动控制、机器视觉,就业评级A；学习难度4/5；学习压力较高，适合基础扎实且愿意长期投入的学生
机器人技术|工学|装备制造|汽车工程|机器人应用|生产工艺,机器人技术,工学,评级B；学习难度4/5；就业面取决于学校平台、城市产业和个人实习/证书积累,装备制造、汽车工程、机器人应用、生产工艺,通用画像：按教育部本科专业目录门类和相近专业归类；需结合学校培养方案复核核心课程,就业评级B；学习难度4/5；就业面取决于学校平台、城市产业和个人实习/证书积累
机弱人工程|工学|工程技术|产品研发|生产运维|项目实施,机弱人工程,工学,评级B；学习难度4/5；就业面取决于学校平台、城市产业和个人实习/证书积累,工程技术、产品研发、生产运维、项目实施,通用画像：按教育部本科专业目录门类和相近专业归类；需结合学校培养方案复核核心课程,就业评级B；学习难度4/5；就业面取决于学校平台、城市产业和个人实习/证书积累
机械工程|工学|装备制造|汽车工程|机器人应用|生产工艺,机械工程,工学,评级B；学习难度4/5；就业面取决于学校平台、城市产业和个人实习/证书积累,装备制造、汽车工程、机器人应用、生产工艺,通用画像：按教育部本科专业目录门类和相近专业归类；需结合学校培养方案复核核心课程,就业评级B；学习难度4/5；就业面取决于学校平台、城市产业和个人实习/证书积累
机械电子工程|工学|工科|工程|技术|电子信息|芯片|硬件|机械|制造|装备|机电工程师|智能装备工程师,机械电子工程,工学,评级A；学习难度4/5；3次绿牌，智能制造方向，月薪7000+,机电工程师、智能装备工程师,核心课程/能力：机械设计、传感器技术、机电一体化,就业评级A；学习难度4/5；学习压力较高，适合基础扎实且愿意长期投入的学生
机械电子工程技术|工学|电子工程|通信网络|芯片|半导体|硬件测试,机械电子工程技术,工学,评级B；学习难度4/5；就业面取决于学校平台、城市产业和个人实习/证书积累,电子工程、通信网络、芯片/半导体、硬件测试,通用画像：按教育部本科专业目录门类和相近专业归类；需结合学校培养方案复核核心课程,就业评级B；学习难度4/5；就业面取决于学校平台、城市产业和个人实习/证书积累
机械类|工学|装备制造|汽车工程|机器人应用|生产工艺,机械类,工学,评级B；学习难度4/5；就业面取决于学校平台、城市产业和个人实习/证书积累,装备制造、汽车工程、机器人应用、生产工艺,通用画像：按教育部本科专业目录门类和相近专业归类；需结合学校培养方案复核核心课程,就业评级B；学习难度4/5；就业面取决于学校平台、城市产业和个人实习/证书积累
机械设计制造及其自动化|工学|工科|工程|技术|自动化|控制|智能制造|机械|制造|装备|机械工程师|制造工程师|设备工程师,机械设计制造及其自动化,工学,评级B；学习难度3/5；传统但稳定，不会淘汰，制造业基础,机械工程师、制造工程师、设备工程师,核心课程/能力：机械原理、机械制图、数控技术,就业评级B；学习难度3/5；仍需结合学校层次、城市和实习资源判断
机电技术教育|工学|教育|师范|教师|教培|教育管理|课程研发,机电技术教育,工学,评级B；学习难度4/5；就业面取决于学校平台、城市产业和个人实习/证书积累,教师、教培、教育管理、课程研发,通用画像：按教育部本科专业目录门类和相近专业归类；需结合学校培养方案复核核心课程,就业评级B；学习难度4/5；就业面取决于学校平台、城市产业和个人实习/证书积累
材料化学|工学|工程技术|产品研发|生产运维|项目实施,材料化学,工学,评级B；学习难度4/5；就业面取决于学校平台、城市产业和个人实习/证书积累,工程技术、产品研发、生产运维、项目实施,通用画像：按教育部本科专业目录门类和相近专业归类；需结合学校培养方案复核核心课程,就业评级B；学习难度4/5；就业面取决于学校平台、城市产业和个人实习/证书积累
材料成型及控制工程|工学|工程技术|产品研发|生产运维|项目实施,材料成型及控制工程,工学,评级B；学习难度4/5；就业面取决于学校平台、城市产业和个人实习/证书积累,工程技术、产品研发、生产运维、项目实施,通用画像：按教育部本科专业目录门类和相近专业归类；需结合学校培养方案复核核心课程,就业评级B；学习难度4/5；就业面取决于学校平台、城市产业和个人实习/证书积累
材料物理|工学|工程技术|产品研发|生产运维|项目实施,材料物理,工学,评级B；学习难度4/5；就业面取决于学校平台、城市产业和个人实习/证书积累,工程技术、产品研发、生产运维、项目实施,通用画像：按教育部本科专业目录门类和相近专业归类；需结合学校培养方案复核核心课程,就业评级B；学习难度4/5；就业面取决于学校平台、城市产业和个人实习/证书积累
材料科学与工程|工学|工科|工程|技术|新能源|储能|电力|材料|新材料|半导体|材料工程师|研发工程师,材料科学与工程,工学,评级B；学习难度3/5；新能源/半导体材料方向好,材料工程师、研发工程师,核心课程/能力：材料物理、材料化学、新材料,就业评级B；学习难度3/5；仍需结合学校层次、城市和实习资源判断
材料类|工学|工程技术|产品研发|生产运维|项目实施,材料类,工学,评级B；学习难度4/5；就业面取决于学校平台、城市产业和个人实习/证书积累,工程技术、产品研发、生产运维、项目实施,通用画像：按教育部本科专业目录门类和相近专业归类；需结合学校培养方案复核核心课程,就业评级B；学习难度4/5；就业面取决于学校平台、城市产业和个人实习/证书积累
林学|农学|农业技术|畜牧兽医|水产养殖|农产品研发,林学,农学,评级B；学习难度3/5；就业面取决于学校平台、城市产业和个人实习/证书积累,农业技术、畜牧兽医、水产养殖、农产品研发,通用画像：按教育部本科专业目录门类和相近专业归类；需结合学校培养方案复核核心课程,就业评级B；学习难度3/5；就业面取决于学校平台、城市产业和个人实习/证书积累
柔性电子学|工学|电子工程|通信网络|芯片|半导体|硬件测试,柔性电子学,工学,评级B；学习难度4/5；就业面取决于学校平台、城市产业和个人实习/证书积累,电子工程、通信网络、芯片/半导体、硬件测试,通用画像：按教育部本科专业目录门类和相近专业归类；需结合学校培养方案复核核心课程,就业评级B；学习难度4/5；就业面取决于学校平台、城市产业和个人实习/证书积累
核工程与核技术|工学|工程技术|产品研发|生产运维|项目实施,核工程与核技术,工学,评级B；学习难度4/5；就业面取决于学校平台、城市产业和个人实习/证书积累,工程技术、产品研发、生产运维、项目实施,通用画像：按教育部本科专业目录门类和相近专业归类；需结合学校培养方案复核核心课程,就业评级B；学习难度4/5；就业面取决于学校平台、城市产业和个人实习/证书积累
档案学|交叉学科,档案学,交叉学科,评级B；学习难度3/5；就业面取决于学校平台、城市产业和个人实习/证书积累,结合具体课程方向选择行业岗位,通用画像：按教育部本科专业目录门类和相近专业归类；需结合学校培养方案复核核心课程,就业评级B；学习难度3/5；就业面取决于学校平台、城市产业和个人实习/证书积累
森林保护|交叉学科|农业技术|畜牧兽医|水产养殖|农产品研发,森林保护,交叉学科,评级B；学习难度3/5；就业面取决于学校平台、城市产业和个人实习/证书积累,农业技术、畜牧兽医、水产养殖、农产品研发,通用画像：按教育部本科专业目录门类和相近专业归类；需结合学校培养方案复核核心课程,就业评级B；学习难度3/5；就业面取决于学校平台、城市产业和个人实习/证书积累
植物保护|农学|农业|乡村振兴|医学|药学|药企|植保技术员|农药研发,植物保护,农学,评级C；学习难度3/5；农药企业和技术推广,植保技术员、农药研发,核心课程/能力：植物病理、昆虫学、农药学,就业评级C；学习难度3/5；仍需结合学校层次、城市和实习资源判断
水产养殖学|农学|农业|乡村振兴|海洋|水产|沿海|水产技术员|养殖管理,水产养殖学,农学,评级B；学习难度3/5；广东海洋大学特色，沿海省份需求,水产技术员、养殖管理,核心课程/能力：鱼类学、水产饲料、养殖工程,就业评级B；学习难度3/5；仍需结合学校层次、城市和实习资源判断
水利水电工程|工学|工程技术|产品研发|生产运维|项目实施,水利水电工程,工学,评级B；学习难度4/5；就业面取决于学校平台、城市产业和个人实习/证书积累,工程技术、产品研发、生产运维、项目实施,通用画像：按教育部本科专业目录门类和相近专业归类；需结合学校培养方案复核核心课程,就业评级B；学习难度4/5；就业面取决于学校平台、城市产业和个人实习/证书积累
水生动物医学|医学|医生|医院|农学|宠物|兽医|医院科室|医学科研|基层医疗,水生动物医学,医学,评级B；学习难度4/5；就业面取决于学校平台、城市产业和个人实习/证书积累,医生、医院科室、医学科研、基层医疗,通用画像：按教育部本科专业目录门类和相近专业归类；需结合学校培养方案复核核心课程,就业评级B；学习难度4/5；就业面取决于学校平台、城市产业和个人实习/证书积累
汉语国际教育|教育学|教育|师范|教师|教培|教育管理|课程研发,汉语国际教育,教育学,评级B；学习难度3/5；就业面取决于学校平台、城市产业和个人实习/证书积累,教师、教培、教育管理、课程研发,通用画像：按教育部本科专业目录门类和相近专业归类；需结合学校培养方案复核核心课程,就业评级B；学习难度3/5；就业面取决于学校平台、城市产业和个人实习/证书积累
汉语言|文学|内容运营|媒体传播|外贸|翻译|教育,汉语言,文学,评级B；学习难度3/5；就业面取决于学校平台、城市产业和个人实习/证书积累,内容运营、媒体传播、外贸/翻译、教育,通用画像：按教育部本科专业目录门类和相近专业归类；需结合学校培养方案复核核心课程,就业评级B；学习难度3/5；就业面取决于学校平台、城市产业和个人实习/证书积累
师范|语文|中文|写作|公务员|汉语言文学|文学|语言|传媒|内容|教师|编辑|文案策划,汉语言文学,文学,评级B；学习难度2/5；考公/考编有优势，文职类岗位广泛,中小学语文教师/编辑/文案/公务员事业单位,适合文字能力强、阅读耐心好、愿意备考的学生,就业评级B；学习难度2/5；仍需结合学校层次、城市和实习资源判断
汽车服务工程|工学|工程技术|产品研发|生产运维|项目实施,汽车服务工程,工学,评级B；学习难度4/5；就业面取决于学校平台、城市产业和个人实习/证书积累,工程技术、产品研发、生产运维、项目实施,通用画像：按教育部本科专业目录门类和相近专业归类；需结合学校培养方案复核核心课程,就业评级B；学习难度4/5；就业面取决于学校平台、城市产业和个人实习/证书积累
油气储运工程|工学|工程技术|产品研发|生产运维|项目实施,油气储运工程,工学,评级B；学习难度4/5；就业面取决于学校平台、城市产业和个人实习/证书积累,工程技术、产品研发、生产运维、项目实施,通用画像：按教育部本科专业目录门类和相近专业归类；需结合学校培养方案复核核心课程,就业评级B；学习难度4/5；就业面取决于学校平台、城市产业和个人实习/证书积累
治安学|法学|法律服务|公务员|公检法|合规风控,治安学,法学,评级B；学习难度3/5；就业面取决于学校平台、城市产业和个人实习/证书积累,法律服务、公务员、公检法、合规风控,通用画像：按教育部本科专业目录门类和相近专业归类；需结合学校培养方案复核核心课程,就业评级B；学习难度3/5；就业面取决于学校平台、城市产业和个人实习/证书积累
法医学|医学|医生|医院|医院科室|医学科研|基层医疗,法医学,医学,评级B；学习难度4/5；就业面取决于学校平台、城市产业和个人实习/证书积累,医生、医院科室、医学科研、基层医疗,通用画像：按教育部本科专业目录门类和相近专业归类；需结合学校培养方案复核核心课程,就业评级B；学习难度4/5；就业面取决于学校平台、城市产业和个人实习/证书积累
法学|法律|律师|公检法|法务|公务员|法院|检察院,法学,法学,评级C；学习难度4/5；**红牌预警专业**（连续多年），法考通过率低；通过法考后前景改善,律师/法务/公务员/法院检察院相关岗位,适合阅读量大、逻辑表达强、能长期备考的学生,就业评级C；学习难度4/5；谨慎选择，需用证书、实习或作品拉开差距
法学类|法学|法律|公务员|公检法|法律服务|合规风控,法学类,法学,评级B；学习难度3/5；就业面取决于学校平台、城市产业和个人实习/证书积累,法律服务、公务员、公检法、合规风控,通用画像：按教育部本科专业目录门类和相近专业归类；需结合学校培养方案复核核心课程,就业评级B；学习难度3/5；就业面取决于学校平台、城市产业和个人实习/证书积累
法语|文学|内容传播|教育|外贸|公共服务,法语,文学,评级B；学习难度3/5；就业面取决于学校平台、城市产业和个人实习/证书积累,内容传播、教育、外贸、公共服务,通用画像：按教育部本科专业目录门类和相近专业归类；需结合学校培养方案复核核心课程,就业评级B；学习难度3/5；就业面取决于学校平台、城市产业和个人实习/证书积累
泰语|交叉学科,泰语,交叉学科,评级B；学习难度3/5；就业面取决于学校平台、城市产业和个人实习/证书积累,结合具体课程方向选择行业岗位,通用画像：按教育部本科专业目录门类和相近专业归类；需结合学校培养方案复核核心课程,就业评级B；学习难度3/5；就业面取决于学校平台、城市产业和个人实习/证书积累
测控技术与仪器|工学|工程技术|产品研发|生产运维|项目实施,测控技术与仪器,工学,评级B；学习难度4/5；就业面取决于学校平台、城市产业和个人实习/证书积累,工程技术、产品研发、生产运维、项目实施,通用画像：按教育部本科专业目录门类和相近专业归类；需结合学校培养方案复核核心课程,就业评级B；学习难度4/5；就业面取决于学校平台、城市产业和个人实习/证书积累
测绘工程|工学|工科|工程|技术|测绘工程师|GIS工程师,测绘工程,工学,评级C；学习难度3/5；需求稳定但增长有限,测绘工程师、GIS工程师,核心课程/能力：测量学、遥感、GPS定位,就业评级C；学习难度3/5；仍需结合学校层次、城市和实习资源判断
海事管理|管理学|运营管理|市场营销|供应链|电子商务,海事管理,管理学,评级B；学习难度3/5；就业面取决于学校平台、城市产业和个人实习/证书积累,运营管理、市场营销、供应链、电子商务,通用画像：按教育部本科专业目录门类和相近专业归类；需结合学校培养方案复核核心课程,就业评级B；学习难度3/5；就业面取决于学校平台、城市产业和个人实习/证书积累
海洋工程与技术|工学|工科|工程|技术|海洋|水产|沿海|海洋装备|广东海洋战略,海洋工程与技术,工学,评级C；学习难度4/5；海洋装备，广东海洋战略,海洋装备，广东海洋战略,参考相近专业的课程和能力要求,就业评级C；学习难度4/5；学习压力较高，适合基础扎实且愿意长期投入的学生
海洋技术|工学|工程技术|产品研发|生产运维|项目实施,海洋技术,工学,评级B；学习难度4/5；就业面取决于学校平台、城市产业和个人实习/证书积累,工程技术、产品研发、生产运维、项目实施,通用画像：按教育部本科专业目录门类和相近专业归类；需结合学校培养方案复核核心课程,就业评级B；学习难度4/5；就业面取决于学校平台、城市产业和个人实习/证书积累
海洋油气工程|工学|工程技术|产品研发|生产运维|项目实施,海洋油气工程,工学,评级B；学习难度4/5；就业面取决于学校平台、城市产业和个人实习/证书积累,工程技术、产品研发、生产运维、项目实施,通用画像：按教育部本科专业目录门类和相近专业归类；需结合学校培养方案复核核心课程,就业评级B；学习难度4/5；就业面取决于学校平台、城市产业和个人实习/证书积累
海洋渔业科学与技术|农学|农业|乡村振兴|海洋|水产|沿海|渔业技术|海洋资源管理,海洋渔业科学与技术,农学,评级C；学习难度3/5；专业窄，广东海洋大学特色,渔业技术、海洋资源管理,核心课程/能力：渔业资源、渔具渔法、海洋生态,就业评级C；学习难度3/5；仍需结合学校层次、城市和实习资源判断
海洋科学|理学|理科|科研|数据|海洋|水产|沿海|海洋监测|水产养殖,海洋科学,理学,评级C；学习难度3/5；广东海洋大学等少数院校开设，专业窄,海洋监测、水产养殖、科研,核心课程/能力：海洋化学、海洋生物学、海洋地质,就业评级C；学习难度3/5；仍需结合学校层次、城市和实习资源判断
海洋药学|医学|药师|药品研发|药企注册|质量|医药销售,海洋药学,医学,评级B；学习难度4/5；就业面取决于学校平台、城市产业和个人实习/证书积累,药师、药品研发、药企注册/质量、医药销售,通用画像：按教育部本科专业目录门类和相近专业归类；需结合学校培养方案复核核心课程,就业评级B；学习难度4/5；就业面取决于学校平台、城市产业和个人实习/证书积累
海洋资源与环境|工学|工程技术|产品研发|生产运维|项目实施,海洋资源与环境,工学,评级B；学习难度4/5；就业面取决于学校平台、城市产业和个人实习/证书积累,工程技术、产品研发、生产运维、项目实施,通用画像：按教育部本科专业目录门类和相近专业归类；需结合学校培养方案复核核心课程,就业评级B；学习难度4/5；就业面取决于学校平台、城市产业和个人实习/证书积累
海洋资源开发技术|工学|工程技术|产品研发|生产运维|项目实施,海洋资源开发技术,工学,评级B；学习难度4/5；就业面取决于学校平台、城市产业和个人实习/证书积累,工程技术、产品研发、生产运维、项目实施,通用画像：按教育部本科专业目录门类和相近专业归类；需结合学校培养方案复核核心课程,就业评级B；学习难度4/5；就业面取决于学校平台、城市产业和个人实习/证书积累
港口航道与海岸工程|工学|工程技术|产品研发|生产运维|项目实施,港口航道与海岸工程,工学,评级B；学习难度4/5；就业面取决于学校平台、城市产业和个人实习/证书积累,工程技术、产品研发、生产运维、项目实施,通用画像：按教育部本科专业目录门类和相近专业归类；需结合学校培养方案复核核心课程,就业评级B；学习难度4/5；就业面取决于学校平台、城市产业和个人实习/证书积累
烹饪与营养教育|教育学|教育|师范|教师|教培|教育管理|课程研发,烹饪与营养教育,教育学,评级B；学习难度3/5；就业面取决于学校平台、城市产业和个人实习/证书积累,教师、教培、教育管理、课程研发,通用画像：按教育部本科专业目录门类和相近专业归类；需结合学校培养方案复核核心课程,就业评级B；学习难度3/5；就业面取决于学校平台、城市产业和个人实习/证书积累
烹饪与餐饮管理|管理学|运营管理|市场营销|供应链|电子商务,烹饪与餐饮管理,管理学,评级B；学习难度3/5；就业面取决于学校平台、城市产业和个人实习/证书积累,运营管理、市场营销、供应链、电子商务,通用画像：按教育部本科专业目录门类和相近专业归类；需结合学校培养方案复核核心课程,就业评级B；学习难度3/5；就业面取决于学校平台、城市产业和个人实习/证书积累
焊接技术与工程|工学|工程技术|产品研发|生产运维|项目实施,焊接技术与工程,工学,评级B；学习难度4/5；就业面取决于学校平台、城市产业和个人实习/证书积累,工程技术、产品研发、生产运维、项目实施,通用画像：按教育部本科专业目录门类和相近专业归类；需结合学校培养方案复核核心课程,就业评级B；学习难度4/5；就业面取决于学校平台、城市产业和个人实习/证书积累
物流工程|工学|运营管理|市场营销|供应链|电子商务,物流工程,工学,评级B；学习难度4/5；就业面取决于学校平台、城市产业和个人实习/证书积累,运营管理、市场营销、供应链、电子商务,通用画像：按教育部本科专业目录门类和相近专业归类；需结合学校培养方案复核核心课程,就业评级B；学习难度4/5；就业面取决于学校平台、城市产业和个人实习/证书积累
物流管理|管理学|管理|商业|运营|物流经理|供应链管理,物流管理,管理学,评级C；学习难度3/5；智慧物流/跨境物流方向有增长,物流经理、供应链管理,核心课程/能力：物流学、供应链管理、仓储管理,就业评级C；学习难度3/5；仍需结合学校层次、城市和实习资源判断
物理学|理学|理科|科研|数据|教师|半导体工程师|科研人员,物理学,理学,评级B；学习难度5/5；基础学科，芯片/量子方向有惊喜,教师、半导体工程师、科研人员,核心课程/能力：量子力学、电动力学、热力学统计,就业评级B；学习难度5/5；学习压力较高，适合基础扎实且愿意长期投入的学生
物理学类|理学|科研助理|数据分析|教师|技术支持,物理学类,理学,评级B；学习难度4/5；就业面取决于学校平台、城市产业和个人实习/证书积累,科研助理、数据分析、教师、技术支持,通用画像：按教育部本科专业目录门类和相近专业归类；需结合学校培养方案复核核心课程,就业评级B；学习难度4/5；就业面取决于学校平台、城市产业和个人实习/证书积累
物理，化学--中外食品质量与安全|工学|工程技术|产品研发|生产运维|项目实施,物理，化学--中外食品质量与安全,工学,评级B；学习难度4/5；就业面取决于学校平台、城市产业和个人实习/证书积累,工程技术、产品研发、生产运维、项目实施,通用画像：按教育部本科专业目录门类和相近专业归类；需结合学校培养方案复核核心课程,就业评级B；学习难度4/5；就业面取决于学校平台、城市产业和个人实习/证书积累
物联网工程|工学|软件开发|数据分析|算法|AI应用|信息安全,物联网工程,工学,评级B；学习难度4/5；就业面取决于学校平台、城市产业和个人实习/证书积累,软件开发、数据分析、算法/AI应用、信息安全,通用画像：按教育部本科专业目录门类和相近专业归类；需结合学校培养方案复核核心课程,就业评级B；学习难度4/5；就业面取决于学校平台、城市产业和个人实习/证书积累
特殊教育|教育学|教育|师范|教师|特殊教育教师,特殊教育,教育学,评级A；学习难度3/5；人才奇缺，就业率极高，工作有挑战性,特殊教育教师,核心课程/能力：特殊儿童心理、康复训练、特殊教育方法,就业评级A；学习难度3/5；仍需结合学校层次、城市和实习资源判断
环保设备工程|工学|工程技术|产品研发|生产运维|项目实施,环保设备工程,工学,评级B；学习难度4/5；就业面取决于学校平台、城市产业和个人实习/证书积累,工程技术、产品研发、生产运维、项目实施,通用画像：按教育部本科专业目录门类和相近专业归类；需结合学校培养方案复核核心课程,就业评级B；学习难度4/5；就业面取决于学校平台、城市产业和个人实习/证书积累
环境工程|工学|工科|工程|技术|环境|环保|双碳|环保工程师|环评师|水处理工程师,环境工程,工学,评级C；学习难度3/5；政策驱动但就业增长缓慢,环保工程师、环评师、水处理工程师,核心课程/能力：环境化学、水处理、大气污染控制,就业评级C；学习难度3/5；仍需结合学校层次、城市和实习资源判断
环境生态工程|工学|工程技术|产品研发|生产运维|项目实施,环境生态工程,工学,评级B；学习难度4/5；就业面取决于学校平台、城市产业和个人实习/证书积累,工程技术、产品研发、生产运维、项目实施,通用画像：按教育部本科专业目录门类和相近专业归类；需结合学校培养方案复核核心课程,就业评级B；学习难度4/5；就业面取决于学校平台、城市产业和个人实习/证书积累
环境科学|工学|工程技术|产品研发|生产运维|项目实施,环境科学,工学,评级B；学习难度4/5；就业面取决于学校平台、城市产业和个人实习/证书积累,工程技术、产品研发、生产运维、项目实施,通用画像：按教育部本科专业目录门类和相近专业归类；需结合学校培养方案复核核心课程,就业评级B；学习难度4/5；就业面取决于学校平台、城市产业和个人实习/证书积累
环境科学与工程|工学|工程技术|产品研发|生产运维|项目实施,环境科学与工程,工学,评级B；学习难度4/5；就业面取决于学校平台、城市产业和个人实习/证书积累,工程技术、产品研发、生产运维、项目实施,通用画像：按教育部本科专业目录门类和相近专业归类；需结合学校培养方案复核核心课程,就业评级B；学习难度4/5；就业面取决于学校平台、城市产业和个人实习/证书积累
环境科学与工程类|工学|工程技术|产品研发|生产运维|项目实施,环境科学与工程类,工学,评级B；学习难度4/5；就业面取决于学校平台、城市产业和个人实习/证书积累,工程技术、产品研发、生产运维、项目实施,通用画像：按教育部本科专业目录门类和相近专业归类；需结合学校培养方案复核核心课程,就业评级B；学习难度4/5；就业面取决于学校平台、城市产业和个人实习/证书积累
环境设计|工学|设计|文创|艺术教育|展演|制作,环境设计,工学,评级B；学习难度4/5；就业面取决于学校平台、城市产业和个人实习/证书积累,设计、文创、艺术教育、展演/制作,通用画像：按教育部本科专业目录门类和相近专业归类；需结合学校培养方案复核核心课程,就业评级B；学习难度4/5；就业面取决于学校平台、城市产业和个人实习/证书积累
现代物流管理|管理学|运营管理|市场营销|供应链|电子商务,现代物流管理,管理学,评级B；学习难度3/5；就业面取决于学校平台、城市产业和个人实习/证书积累,运营管理、市场营销、供应链、电子商务,通用画像：按教育部本科专业目录门类和相近专业归类；需结合学校培养方案复核核心课程,就业评级B；学习难度3/5；就业面取决于学校平台、城市产业和个人实习/证书积累
现代精细化工技术|工学|工程技术|产品研发|生产运维|项目实施,现代精细化工技术,工学,评级B；学习难度4/5；就业面取决于学校平台、城市产业和个人实习/证书积累,工程技术、产品研发、生产运维、项目实施,通用画像：按教育部本科专业目录门类和相近专业归类；需结合学校培养方案复核核心课程,就业评级B；学习难度4/5；就业面取决于学校平台、城市产业和个人实习/证书积累
现代通信工程|工学|电子工程|通信网络|芯片|半导体|硬件测试,现代通信工程,工学,评级A；学习难度4/5；就业面取决于学校平台、城市产业和个人实习/证书积累,电子工程、通信网络、芯片/半导体、硬件测试,通用画像：按教育部本科专业目录门类和相近专业归类；需结合学校培养方案复核核心课程,就业评级A；学习难度4/5；就业面取决于学校平台、城市产业和个人实习/证书积累
生态学|理学|科研助理|数据分析|教师|技术支持,生态学,理学,评级B；学习难度4/5；就业面取决于学校平台、城市产业和个人实习/证书积累,科研助理、数据分析、教师、技术支持,通用画像：按教育部本科专业目录门类和相近专业归类；需结合学校培养方案复核核心课程,就业评级B；学习难度4/5；就业面取决于学校平台、城市产业和个人实习/证书积累
生态环境工程技术|工学|工程技术|产品研发|生产运维|项目实施,生态环境工程技术,工学,评级B；学习难度4/5；就业面取决于学校平台、城市产业和个人实习/证书积累,工程技术、产品研发、生产运维、项目实施,通用画像：按教育部本科专业目录门类和相近专业归类；需结合学校培养方案复核核心课程,就业评级B；学习难度4/5；就业面取决于学校平台、城市产业和个人实习/证书积累
生物信息学|交叉学科,生物信息学,交叉学科,评级B；学习难度3/5；就业面取决于学校平台、城市产业和个人实习/证书积累,结合具体课程方向选择行业岗位,通用画像：按教育部本科专业目录门类和相近专业归类；需结合学校培养方案复核核心课程,就业评级B；学习难度3/5；就业面取决于学校平台、城市产业和个人实习/证书积累
生物制药|工学|工科|工程|技术|医学|药学|药企,生物制药,工学,评级B；学习难度4/5；生物医药产业在粤港澳大湾区重点布局,生物医药产业在粤港澳大湾区重点布局,参考相近专业的课程和能力要求,就业评级B；学习难度4/5；学习压力较高，适合基础扎实且愿意长期投入的学生
生物医学工程|工学|工科|工程|技术|医学|医生|医院|医疗器械工程师|医学设备研发,生物医学工程,工学,评级B；学习难度4/5；交叉学科，医疗器械产业增长,医疗器械工程师、医学设备研发,核心课程/能力：生物医学电子、医学影像、生物材料,就业评级B；学习难度4/5；学习压力较高，适合基础扎实且愿意长期投入的学生
生物医学工程类|医学|医生|医院|医院科室|医学科研|基层医疗,生物医学工程类,医学,评级B；学习难度4/5；就业面取决于学校平台、城市产业和个人实习/证书积累,医生、医院科室、医学科研、基层医疗,通用画像：按教育部本科专业目录门类和相近专业归类；需结合学校培养方案复核核心课程,就业评级B；学习难度4/5；就业面取决于学校平台、城市产业和个人实习/证书积累
生物医学科学|医学|医生|医院|医院科室|医学科研|基层医疗,生物医学科学,医学,评级B；学习难度4/5；就业面取决于学校平台、城市产业和个人实习/证书积累,医生、医院科室、医学科研、基层医疗,通用画像：按教育部本科专业目录门类和相近专业归类；需结合学校培养方案复核核心课程,就业评级B；学习难度4/5；就业面取决于学校平台、城市产业和个人实习/证书积累
生物医药数据科学|工学|数据|算法|统计|软件开发|数据分析|AI应用|信息安全,生物医药数据科学,工学,评级A；学习难度4/5；数字化和AI应用需求强，但技术迭代快，需要持续学习和项目作品,软件开发、数据分析、算法/AI应用、信息安全,通用画像：按教育部本科专业目录门类和相近专业归类；需结合学校培养方案复核核心课程,就业评级A；学习难度4/5；数字化和AI应用需求强，但技术迭代快，需要持续学习和项目作品
生物工程|工学|工程技术|产品研发|生产运维|项目实施,生物工程,工学,评级B；学习难度4/5；就业面取决于学校平台、城市产业和个人实习/证书积累,工程技术、产品研发、生产运维、项目实施,通用画像：按教育部本科专业目录门类和相近专业归类；需结合学校培养方案复核核心课程,就业评级B；学习难度4/5；就业面取决于学校平台、城市产业和个人实习/证书积累
生物工程类|工学|工程技术|产品研发|生产运维|项目实施,生物工程类,工学,评级B；学习难度4/5；就业面取决于学校平台、城市产业和个人实习/证书积累,工程技术、产品研发、生产运维、项目实施,通用画像：按教育部本科专业目录门类和相近专业归类；需结合学校培养方案复核核心课程,就业评级B；学习难度4/5；就业面取决于学校平台、城市产业和个人实习/证书积累
生物技术|理学|理科|科研|数据|医学|药学|药企|生物医药技术员|质检员,生物技术,理学,评级C；学习难度3/5；生物医药产业在广东发展好,生物医药技术员、质检员,核心课程/能力：基因工程、发酵工程、生物制药,就业评级C；学习难度3/5；仍需结合学校层次、城市和实习资源判断
生物科堂|交叉学科,生物科堂,交叉学科,评级B；学习难度3/5；就业面取决于学校平台、城市产业和个人实习/证书积累,结合具体课程方向选择行业岗位,通用画像：按教育部本科专业目录门类和相近专业归类；需结合学校培养方案复核核心课程,就业评级B；学习难度3/5；就业面取决于学校平台、城市产业和个人实习/证书积累
生物科学|理学|理科|科研|数据|医学|药学|药企|教师|实验室技术员|生物医药研发,生物科学,理学,评级C；学习难度3/5；本科生就业面窄，需深造,教师、实验室技术员、生物医药研发,核心课程/能力：分子生物学、遗传学、生物化学,就业评级C；学习难度3/5；仍需结合学校层次、城市和实习资源判断
生物科学类|理学|科研助理|数据分析|教师|技术支持,生物科学类,理学,评级B；学习难度4/5；就业面取决于学校平台、城市产业和个人实习/证书积累,科研助理、数据分析、教师、技术支持,通用画像：按教育部本科专业目录门类和相近专业归类；需结合学校培养方案复核核心课程,就业评级B；学习难度4/5；就业面取决于学校平台、城市产业和个人实习/证书积累
生物统计学|理学|科研助理|数据分析|教师|技术支持,生物统计学,理学,评级B；学习难度4/5；就业面取决于学校平台、城市产业和个人实习/证书积累,科研助理、数据分析、教师、技术支持,通用画像：按教育部本科专业目录门类和相近专业归类；需结合学校培养方案复核核心课程,就业评级B；学习难度4/5；就业面取决于学校平台、城市产业和个人实习/证书积累
生物育种科学|交叉学科,生物育种科学,交叉学科,评级B；学习难度3/5；就业面取决于学校平台、城市产业和个人实习/证书积累,结合具体课程方向选择行业岗位,通用画像：按教育部本科专业目录门类和相近专业归类；需结合学校培养方案复核核心课程,就业评级B；学习难度3/5；就业面取决于学校平台、城市产业和个人实习/证书积累
生物质能源与材料|工学|新能源|储能|双碳|电力系统|自动化控制|新能源设备|智能制造,生物质能源与材料,工学,评级B；学习难度4/5；电网、新能源和制造业升级带来稳定需求,电力系统、自动化控制、新能源设备、智能制造,通用画像：按教育部本科专业目录门类和相近专业归类；需结合学校培养方案复核核心课程,就业评级B；学习难度4/5；电网、新能源和制造业升级带来稳定需求
申子信息丁希|交叉学科,申子信息丁希,交叉学科,评级B；学习难度3/5；就业面取决于学校平台、城市产业和个人实习/证书积累,结合具体课程方向选择行业岗位,通用画像：按教育部本科专业目录门类和相近专业归类；需结合学校培养方案复核核心课程,就业评级B；学习难度3/5；就业面取决于学校平台、城市产业和个人实习/证书积累
电力工程及自动化|工学|电力系统|自动化控制|新能源设备|智能制造,电力工程及自动化,工学,评级A；学习难度4/5；就业面取决于学校平台、城市产业和个人实习/证书积累,电力系统、自动化控制、新能源设备、智能制造,通用画像：按教育部本科专业目录门类和相近专业归类；需结合学校培养方案复核核心课程,就业评级A；学习难度4/5；就业面取决于学校平台、城市产业和个人实习/证书积累
电子与计算机工程|工学|AI|人工智能|计算机|编程|软件|软件开发|数据分析|算法|AI应用|信息安全,电子与计算机工程,工学,评级A；学习难度4/5；数字化和AI应用需求强，但技术迭代快，需要持续学习和项目作品,软件开发、数据分析、算法/AI应用、信息安全,通用画像：按教育部本科专业目录门类和相近专业归类；需结合学校培养方案复核核心课程,就业评级A；学习难度4/5；数字化和AI应用需求强，但技术迭代快，需要持续学习和项目作品
电子信息工程|工学|工科|工程|技术|电子信息|芯片|硬件|通信|网络|电子工程师|嵌入式工程师|通信工程师,电子信息工程,工学,评级A；学习难度4/5；半导体/芯片产业链核心专业，需求旺盛,电子工程师、嵌入式工程师、通信工程师,核心课程/能力：信号与系统、数字电路、电磁场,就业评级A；学习难度4/5；学习压力较高，适合基础扎实且愿意长期投入的学生
电子信息工程技术|工学|电子工程|通信网络|芯片|半导体|硬件测试,电子信息工程技术,工学,评级A；学习难度4/5；就业面取决于学校平台、城市产业和个人实习/证书积累,电子工程、通信网络、芯片/半导体、硬件测试,通用画像：按教育部本科专业目录门类和相近专业归类；需结合学校培养方案复核核心课程,就业评级A；学习难度4/5；就业面取决于学校平台、城市产业和个人实习/证书积累
电子信息科学与技术|工学|电子工程|通信网络|芯片|半导体|硬件测试,电子信息科学与技术,工学,评级A；学习难度4/5；就业面取决于学校平台、城市产业和个人实习/证书积累,电子工程、通信网络、芯片/半导体、硬件测试,通用画像：按教育部本科专业目录门类和相近专业归类；需结合学校培养方案复核核心课程,就业评级A；学习难度4/5；就业面取决于学校平台、城市产业和个人实习/证书积累
电子信息类|工学|电子工程|通信网络|芯片|半导体|硬件测试,电子信息类,工学,评级A；学习难度4/5；就业面取决于学校平台、城市产业和个人实习/证书积累,电子工程、通信网络、芯片/半导体、硬件测试,通用画像：按教育部本科专业目录门类和相近专业归类；需结合学校培养方案复核核心课程,就业评级A；学习难度4/5；就业面取决于学校平台、城市产业和个人实习/证书积累
电子商务|管理学|管理|商业|运营|数据|算法|统计|电子信息|芯片|硬件|电商运营|直播运营|数据分析,电子商务,管理学,评级C；学习难度3/5；实操比学历重要，行业变化快,电商运营、直播运营、数据分析,核心课程/能力：网络营销、供应链管理、电商平台,就业评级C；学习难度3/5；仍需结合学校层次、城市和实习资源判断
电子商务及法律|工学|电子工程|通信网络|芯片|半导体|硬件测试,电子商务及法律,工学,评级B；学习难度4/5；就业面取决于学校平台、城市产业和个人实习/证书积累,电子工程、通信网络、芯片/半导体、硬件测试,通用画像：按教育部本科专业目录门类和相近专业归类；需结合学校培养方案复核核心课程,就业评级B；学习难度4/5；就业面取决于学校平台、城市产业和个人实习/证书积累
电子商务路3二师苑学棕超堡办企|工学|电子工程|通信网络|芯片|半导体|硬件测试,电子商务路3二师苑学棕超堡办企,工学,评级B；学习难度4/5；就业面取决于学校平台、城市产业和个人实习/证书积累,电子工程、通信网络、芯片/半导体、硬件测试,通用画像：按教育部本科专业目录门类和相近专业归类；需结合学校培养方案复核核心课程,就业评级B；学习难度4/5；就业面取决于学校平台、城市产业和个人实习/证书积累
电子科学与技术|工学|电子工程|通信网络|芯片|半导体|硬件测试,电子科学与技术,工学,评级B；学习难度4/5；就业面取决于学校平台、城市产业和个人实习/证书积累,电子工程、通信网络、芯片/半导体、硬件测试,通用画像：按教育部本科专业目录门类和相近专业归类；需结合学校培养方案复核核心课程,就业评级B；学习难度4/5；就业面取决于学校平台、城市产业和个人实习/证书积累
电子科学与技术电丁件子仅个|工学|电子工程|通信网络|芯片|半导体|硬件测试,电子科学与技术电丁件子仅个,工学,评级B；学习难度4/5；就业面取决于学校平台、城市产业和个人实习/证书积累,电子工程、通信网络、芯片/半导体、硬件测试,通用画像：按教育部本科专业目录门类和相近专业归类；需结合学校培养方案复核核心课程,就业评级B；学习难度4/5；就业面取决于学校平台、城市产业和个人实习/证书积累
新能源|电力|电气|储能|电气工程及其自动化|工学|工科|工程|技术|电网|自动化|控制|智能制造|电气工程师|电力系统工程师,电气工程及其自动化,工学,评级A；学习难度4/5；连续4年绿牌，国家电网/南方电网稳定需求,电网/电力设计/新能源设备/自动化工程,适合物理基础好且接受工程现场的学生,就业评级A；学习难度4/5；学习压力较高，适合基础扎实且愿意长期投入的学生
电气类|工学|新能源|电力|电网|电力系统|自动化控制|新能源设备|智能制造,电气类,工学,评级A；学习难度4/5；电网、新能源和制造业升级带来稳定需求,电力系统、自动化控制、新能源设备、智能制造,通用画像：按教育部本科专业目录门类和相近专业归类；需结合学校培养方案复核核心课程,就业评级A；学习难度4/5；电网、新能源和制造业升级带来稳定需求
眼视光医学|医学|医生|医院|医院科室|医学科研|基层医疗,眼视光医学,医学,评级B；学习难度4/5；就业面取决于学校平台、城市产业和个人实习/证书积累,医生、医院科室、医学科研、基层医疗,通用画像：按教育部本科专业目录门类和相近专业归类；需结合学校培养方案复核核心课程,就业评级B；学习难度4/5；就业面取决于学校平台、城市产业和个人实习/证书积累
眼视光学|交叉学科,眼视光学,交叉学科,评级B；学习难度3/5；就业面取决于学校平台、城市产业和个人实习/证书积累,结合具体课程方向选择行业岗位,通用画像：按教育部本科专业目录门类和相近专业归类；需结合学校培养方案复核核心课程,就业评级B；学习难度3/5；就业面取决于学校平台、城市产业和个人实习/证书积累
知识产权|法学|法律|公检法|专利|知识产权律师|专利代理人,知识产权,法学,评级B；学习难度4/5；创新驱动政策下需求增长，技术+法律复合型最吃香,知识产权律师、专利代理人,核心课程/能力：知识产权法、专利法、商标法,就业评级B；学习难度4/5；学习压力较高，适合基础扎实且愿意长期投入的学生
石油工程|工学|工程技术|产品研发|生产运维|项目实施,石油工程,工学,评级B；学习难度4/5；就业面取决于学校平台、城市产业和个人实习/证书积累,工程技术、产品研发、生产运维、项目实施,通用画像：按教育部本科专业目录门类和相近专业归类；需结合学校培养方案复核核心课程,就业评级B；学习难度4/5；就业面取决于学校平台、城市产业和个人实习/证书积累
社会体育指导与管理|管理学|运营管理|市场营销|供应链|电子商务,社会体育指导与管理,管理学,评级B；学习难度3/5；就业面取决于学校平台、城市产业和个人实习/证书积累,运营管理、市场营销、供应链、电子商务,通用画像：按教育部本科专业目录门类和相近专业归类；需结合学校培养方案复核核心课程,就业评级B；学习难度3/5；就业面取决于学校平台、城市产业和个人实习/证书积累
社会学|交叉学科,社会学,交叉学科,评级B；学习难度3/5；就业面取决于学校平台、城市产业和个人实习/证书积累,结合具体课程方向选择行业岗位,通用画像：按教育部本科专业目录门类和相近专业归类；需结合学校培养方案复核核心课程,就业评级B；学习难度3/5；就业面取决于学校平台、城市产业和个人实习/证书积累
社会学类|交叉学科,社会学类,交叉学科,评级B；学习难度3/5；就业面取决于学校平台、城市产业和个人实习/证书积累,结合具体课程方向选择行业岗位,通用画像：按教育部本科专业目录门类和相近专业归类；需结合学校培养方案复核核心课程,就业评级B；学习难度3/5；就业面取决于学校平台、城市产业和个人实习/证书积累
社会工作|法学|法律|公检法|社工|社区工作者|NGO,社会工作,法学,评级C；学习难度2/5；公益方向，薪资偏低，但稳定性好,社工、社区工作者、NGO,核心课程/能力：社会学、社会工作方法、社会保障,就业评级C；学习难度2/5；仍需结合学校层次、城市和实习资源判断
禁毒学|法学|法律服务|合规|公务员|公共治理,禁毒学,法学,评级B；学习难度3/5；就业面取决于学校平台、城市产业和个人实习/证书积累,法律服务、合规、公务员、公共治理,通用画像：按教育部本科专业目录门类和相近专业归类；需结合学校培养方案复核核心课程,就业评级B；学习难度3/5；就业面取决于学校平台、城市产业和个人实习/证书积累
种子科学与工程|工学|工程技术|产品研发|生产运维|项目实施,种子科学与工程,工学,评级B；学习难度4/5；就业面取决于学校平台、城市产业和个人实习/证书积累,工程技术、产品研发、生产运维、项目实施,通用画像：按教育部本科专业目录门类和相近专业归类；需结合学校培养方案复核核心课程,就业评级B；学习难度4/5；就业面取决于学校平台、城市产业和个人实习/证书积累
科学教育|教育学|教育|师范|教师|教培|教育管理|课程研发,科学教育,教育学,评级B；学习难度3/5；就业面取决于学校平台、城市产业和个人实习/证书积累,教师、教培、教育管理、课程研发,通用画像：按教育部本科专业目录门类和相近专业归类；需结合学校培养方案复核核心课程,就业评级B；学习难度3/5；就业面取决于学校平台、城市产业和个人实习/证书积累
秘书学|交叉学科,秘书学,交叉学科,评级B；学习难度3/5；就业面取决于学校平台、城市产业和个人实习/证书积累,结合具体课程方向选择行业岗位,通用画像：按教育部本科专业目录门类和相近专业归类；需结合学校培养方案复核核心课程,就业评级B；学习难度3/5；就业面取决于学校平台、城市产业和个人实习/证书积累
税收学|经济学|银行|证券|保险|财税|企业经营分析,税收学,经济学,评级B；学习难度3/5；就业面取决于学校平台、城市产业和个人实习/证书积累,银行、证券、保险、财税、企业经营分析,通用画像：按教育部本科专业目录门类和相近专业归类；需结合学校培养方案复核核心课程,就业评级B；学习难度3/5；就业面取决于学校平台、城市产业和个人实习/证书积累
管理科学|管理学|运营管理|市场营销|供应链|电子商务,管理科学,管理学,评级B；学习难度3/5；就业面取决于学校平台、城市产业和个人实习/证书积累,运营管理、市场营销、供应链、电子商务,通用画像：按教育部本科专业目录门类和相近专业归类；需结合学校培养方案复核核心课程,就业评级B；学习难度3/5；就业面取决于学校平台、城市产业和个人实习/证书积累
管理科学与工程类|工学|运营管理|市场营销|供应链|电子商务,管理科学与工程类,工学,评级B；学习难度4/5；就业面取决于学校平台、城市产业和个人实习/证书积累,运营管理、市场营销、供应链、电子商务,通用画像：按教育部本科专业目录门类和相近专业归类；需结合学校培养方案复核核心课程,就业评级B；学习难度4/5；就业面取决于学校平台、城市产业和个人实习/证书积累
精神医学|医学|医生|医院|医院科室|医学科研|基层医疗,精神医学,医学,评级B；学习难度4/5；就业面取决于学校平台、城市产业和个人实习/证书积累,医生、医院科室、医学科研、基层医疗,通用画像：按教育部本科专业目录门类和相近专业归类；需结合学校培养方案复核核心课程,就业评级B；学习难度4/5；就业面取决于学校平台、城市产业和个人实习/证书积累
精算学|交叉学科,精算学,交叉学科,评级B；学习难度3/5；就业面取决于学校平台、城市产业和个人实习/证书积累,结合具体课程方向选择行业岗位,通用画像：按教育部本科专业目录门类和相近专业归类；需结合学校培养方案复核核心课程,就业评级B；学习难度3/5；就业面取决于学校平台、城市产业和个人实习/证书积累
精细化工|工学|工程技术|产品研发|生产运维|项目实施,精细化工,工学,评级B；学习难度4/5；就业面取决于学校平台、城市产业和个人实习/证书积累,工程技术、产品研发、生产运维、项目实施,通用画像：按教育部本科专业目录门类和相近专业归类；需结合学校培养方案复核核心课程,就业评级B；学习难度4/5；就业面取决于学校平台、城市产业和个人实习/证书积累
系法学|法学|法律|公务员|公检法|法律服务|合规风控,系法学,法学,评级B；学习难度3/5；就业面取决于学校平台、城市产业和个人实习/证书积累,法律服务、公务员、公检法、合规风控,通用画像：按教育部本科专业目录门类和相近专业归类；需结合学校培养方案复核核心课程,就业评级B；学习难度3/5；就业面取决于学校平台、城市产业和个人实习/证书积累
纺织工程|工学|工程技术|产品研发|生产运维|项目实施,纺织工程,工学,评级B；学习难度4/5；就业面取决于学校平台、城市产业和个人实习/证书积累,工程技术、产品研发、生产运维、项目实施,通用画像：按教育部本科专业目录门类和相近专业归类；需结合学校培养方案复核核心课程,就业评级B；学习难度4/5；就业面取决于学校平台、城市产业和个人实习/证书积累
经济与金融|经济学|财经|金融|投资|银行|证券|保险|财税|企业经营分析,经济与金融,经济学,评级B；学习难度3/5；就业面取决于学校平台、城市产业和个人实习/证书积累,银行、证券、保险、财税、企业经营分析,通用画像：按教育部本科专业目录门类和相近专业归类；需结合学校培养方案复核核心课程,就业评级B；学习难度3/5；就业面取决于学校平台、城市产业和个人实习/证书积累
经济|贸易|商业|政策|经济学|财经|金融|投资|银行|经济分析师|金融从业者|公务员,经济学,经济学,评级C；学习难度3/5；顶级院校→投行/券商，普通院校→银行/销售,咨询/研究助理/企业经营分析/公务员相关岗位,适合抽象分析、数据阅读和政策理解能力强的学生,就业评级C；学习难度3/5；仍需结合学校层次、城市和实习资源判断
经济学类|经济学|银行|证券|保险|财税|企业经营分析,经济学类,经济学,评级B；学习难度3/5；就业面取决于学校平台、城市产业和个人实习/证书积累,银行、证券、保险、财税、企业经营分析,通用画像：按教育部本科专业目录门类和相近专业归类；需结合学校培养方案复核核心课程,就业评级B；学习难度3/5；就业面取决于学校平台、城市产业和个人实习/证书积累
经济犯罪侦查|经济学|银行|证券|保险|财税|企业经营分析,经济犯罪侦查,经济学,评级B；学习难度3/5；就业面取决于学校平台、城市产业和个人实习/证书积累,银行、证券、保险、财税、企业经营分析,通用画像：按教育部本科专业目录门类和相近专业归类；需结合学校培养方案复核核心课程,就业评级B；学习难度3/5；就业面取决于学校平台、城市产业和个人实习/证书积累
经济统计学|经济学|银行|证券|保险|财税|企业经营分析,经济统计学,经济学,评级B；学习难度3/5；就业面取决于学校平台、城市产业和个人实习/证书积累,银行、证券、保险、财税、企业经营分析,通用画像：按教育部本科专业目录门类和相近专业归类；需结合学校培养方案复核核心课程,就业评级B；学习难度3/5；就业面取决于学校平台、城市产业和个人实习/证书积累
给排水科学与工程|工学|工程技术|产品研发|生产运维|项目实施,给排水科学与工程,工学,评级B；学习难度4/5；就业面取决于学校平台、城市产业和个人实习/证书积累,工程技术、产品研发、生产运维、项目实施,通用画像：按教育部本科专业目录门类和相近专业归类；需结合学校培养方案复核核心课程,就业评级B；学习难度4/5；就业面取决于学校平台、城市产业和个人实习/证书积累
统计学|理学|理科|科研|数据|算法|统计|数据分析师|精算师|市场研究员,统计学,理学,评级A；学习难度4/5；大数据时代通用技能，各行业需要,数据分析师、精算师、市场研究员,核心课程/能力：数理统计、回归分析、统计软件,就业评级A；学习难度4/5；学习压力较高，适合基础扎实且愿意长期投入的学生
网络与新媒体|文学|语言|传媒|内容|新媒体|新媒体运营|内容策划|短视频编导,网络与新媒体,文学,评级B；学习难度2/5；行业新兴，实操经验重于学历,新媒体运营、内容策划、短视频编导,核心课程/能力：新媒体概论、数据分析、内容创作,就业评级B；学习难度2/5；仍需结合学校层次、城市和实习资源判断
网络安全与执法|工学|软件开发|数据分析|算法|AI应用|信息安全,网络安全与执法,工学,评级A；学习难度4/5；数字化和AI应用需求强，但技术迭代快，需要持续学习和项目作品,软件开发、数据分析、算法/AI应用、信息安全,通用画像：按教育部本科专业目录门类和相近专业归类；需结合学校培养方案复核核心课程,就业评级A；学习难度4/5；数字化和AI应用需求强，但技术迭代快，需要持续学习和项目作品
网络工程|工学|软件开发|数据分析|算法|AI应用|信息安全,网络工程,工学,评级B；学习难度4/5；就业面取决于学校平台、城市产业和个人实习/证书积累,软件开发、数据分析、算法/AI应用、信息安全,通用画像：按教育部本科专业目录门类和相近专业归类；需结合学校培养方案复核核心课程,就业评级B；学习难度4/5；就业面取决于学校平台、城市产业和个人实习/证书积累
网络空间安全|工学|软件开发|数据分析|算法|AI应用|信息安全,网络空间安全,工学,评级B；学习难度4/5；就业面取决于学校平台、城市产业和个人实习/证书积累,软件开发、数据分析、算法/AI应用、信息安全,通用画像：按教育部本科专业目录门类和相近专业归类；需结合学校培养方案复核核心课程,就业评级B；学习难度4/5；就业面取决于学校平台、城市产业和个人实习/证书积累
美术学|艺术学|设计|文创|艺术教育|展演|制作,美术学,艺术学,评级C；学习难度3/5；行业周期或供需波动较明显，需要靠城市、学校平台、实习和作品提高确定性,设计、文创、艺术教育、展演/制作,通用画像：按教育部本科专业目录门类和相近专业归类；需结合学校培养方案复核核心课程,就业评级C；学习难度3/5；行业周期或供需波动较明显，需要靠城市、学校平台、实习和作品提高确定性
翻译|文学|内容运营|媒体传播|外贸|教育,翻译,文学,评级B；学习难度3/5；就业面取决于学校平台、城市产业和个人实习/证书积累,内容运营、媒体传播、外贸/翻译、教育,通用画像：按教育部本科专业目录门类和相近专业归类；需结合学校培养方案复核核心课程,就业评级B；学习难度3/5；就业面取决于学校平台、城市产业和个人实习/证书积累
翻译1师过收院招生以公型|文学|内容运营|媒体传播|外贸|翻译|教育,翻译1师过收院招生以公型,文学,评级B；学习难度3/5；就业面取决于学校平台、城市产业和个人实习/证书积累,内容运营、媒体传播、外贸/翻译、教育,通用画像：按教育部本科专业目录门类和相近专业归类；需结合学校培养方案复核核心课程,就业评级B；学习难度3/5；就业面取决于学校平台、城市产业和个人实习/证书积累
能源与动力工程|工学|新能源|储能|双碳|电力系统|自动化控制|新能源设备|智能制造,能源与动力工程,工学,评级B；学习难度4/5；电网、新能源和制造业升级带来稳定需求,电力系统、自动化控制、新能源设备、智能制造,通用画像：按教育部本科专业目录门类和相近专业归类；需结合学校培养方案复核核心课程,就业评级B；学习难度4/5；电网、新能源和制造业升级带来稳定需求
能源与环境系统工程|工学|新能源|储能|双碳|电力系统|自动化控制|新能源设备|智能制造,能源与环境系统工程,工学,评级B；学习难度4/5；电网、新能源和制造业升级带来稳定需求,电力系统、自动化控制、新能源设备、智能制造,通用画像：按教育部本科专业目录门类和相近专业归类；需结合学校培养方案复核核心课程,就业评级B；学习难度4/5；电网、新能源和制造业升级带来稳定需求
能源动力类|工学|新能源|储能|双碳|电力系统|自动化控制|新能源设备|智能制造,能源动力类,工学,评级B；学习难度4/5；电网、新能源和制造业升级带来稳定需求,电力系统、自动化控制、新能源设备、智能制造,通用画像：按教育部本科专业目录门类和相近专业归类；需结合学校培养方案复核核心课程,就业评级B；学习难度4/5；电网、新能源和制造业升级带来稳定需求
能源化学工程|工学|新能源|储能|双碳|电力系统|自动化控制|新能源设备|智能制造,能源化学工程,工学,评级B；学习难度4/5；电网、新能源和制造业升级带来稳定需求,电力系统、自动化控制、新能源设备、智能制造,通用画像：按教育部本科专业目录门类和相近专业归类；需结合学校培养方案复核核心课程,就业评级B；学习难度4/5；电网、新能源和制造业升级带来稳定需求
脶装设计与工程|工学|设计|文创|艺术教育|展演|制作,脶装设计与工程,工学,评级B；学习难度4/5；就业面取决于学校平台、城市产业和个人实习/证书积累,设计、文创、艺术教育、展演/制作,通用画像：按教育部本科专业目录门类和相近专业归类；需结合学校培养方案复核核心课程,就业评级B；学习难度4/5；就业面取决于学校平台、城市产业和个人实习/证书积累
自动化|工学|工科|工程|技术|机器人|智能制造|控制|自动化工程师|控制工程师|机器人工程师,自动化,工学,评级A；学习难度4/5；智能制造核心专业，应用面广,自动化工程师、控制工程师、机器人工程师,核心课程/能力：自动控制原理、PLC、机器人学,就业评级A；学习难度4/5；学习压力较高，适合基础扎实且愿意长期投入的学生
自动化技术与应用|工学|电力系统|自动化控制|新能源设备|智能制造,自动化技术与应用,工学,评级A；学习难度4/5；就业面取决于学校平台、城市产业和个人实习/证书积累,电力系统、自动化控制、新能源设备、智能制造,通用画像：按教育部本科专业目录门类和相近专业归类；需结合学校培养方案复核核心课程,就业评级A；学习难度4/5；就业面取决于学校平台、城市产业和个人实习/证书积累
自动化类|工学|电力系统|自动化控制|新能源设备|智能制造,自动化类,工学,评级A；学习难度4/5；就业面取决于学校平台、城市产业和个人实习/证书积累,电力系统、自动化控制、新能源设备、智能制造,通用画像：按教育部本科专业目录门类和相近专业归类；需结合学校培养方案复核核心课程,就业评级A；学习难度4/5；就业面取决于学校平台、城市产业和个人实习/证书积累
自然地理与资源环境|工学|工程技术|产品研发|生产运维|项目实施,自然地理与资源环境,工学,评级B；学习难度4/5；就业面取决于学校平台、城市产业和个人实习/证书积累,工程技术、产品研发、生产运维、项目实施,通用画像：按教育部本科专业目录门类和相近专业归类；需结合学校培养方案复核核心课程,就业评级B；学习难度4/5；就业面取决于学校平台、城市产业和个人实习/证书积累
舞蹈学|艺术学|设计|文创|艺术教育|展演|制作,舞蹈学,艺术学,评级C；学习难度3/5；行业周期或供需波动较明显，需要靠城市、学校平台、实习和作品提高确定性,设计、文创、艺术教育、展演/制作,通用画像：按教育部本科专业目录门类和相近专业归类；需结合学校培养方案复核核心课程,就业评级C；学习难度3/5；行业周期或供需波动较明显，需要靠城市、学校平台、实习和作品提高确定性
舞蹈教育|教育学|教育|师范|教师|教培|教育管理|课程研发,舞蹈教育,教育学,评级C；学习难度3/5；行业周期或供需波动较明显，需要靠城市、学校平台、实习和作品提高确定性,教师、教培、教育管理、课程研发,通用画像：按教育部本科专业目录门类和相近专业归类；需结合学校培养方案复核核心课程,就业评级C；学习难度3/5；行业周期或供需波动较明显，需要靠城市、学校平台、实习和作品提高确定性
航海技术|工学|工程技术|产品研发|生产运维|项目实施,航海技术,工学,评级B；学习难度4/5；就业面取决于学校平台、城市产业和个人实习/证书积累,工程技术、产品研发、生产运维、项目实施,通用画像：按教育部本科专业目录门类和相近专业归类；需结合学校培养方案复核核心课程,就业评级B；学习难度4/5；就业面取决于学校平台、城市产业和个人实习/证书积累
航空航天类|交叉学科,航空航天类,交叉学科,评级B；学习难度3/5；就业面取决于学校平台、城市产业和个人实习/证书积累,结合具体课程方向选择行业岗位,通用画像：按教育部本科专业目录门类和相近专业归类；需结合学校培养方案复核核心课程,就业评级B；学习难度3/5；就业面取决于学校平台、城市产业和个人实习/证书积累
船舶与海洋工程|工学|工程技术|产品研发|生产运维|项目实施,船舶与海洋工程,工学,评级B；学习难度4/5；就业面取决于学校平台、城市产业和个人实习/证书积累,工程技术、产品研发、生产运维、项目实施,通用画像：按教育部本科专业目录门类和相近专业归类；需结合学校培养方案复核核心课程,就业评级B；学习难度4/5；就业面取决于学校平台、城市产业和个人实习/证书积累
船舶电子电气工程|工学|新能源|电力|电网|电子工程|通信网络|芯片|半导体|硬件测试,船舶电子电气工程,工学,评级A；学习难度4/5；电网、新能源和制造业升级带来稳定需求,电子工程、通信网络、芯片/半导体、硬件测试,通用画像：按教育部本科专业目录门类和相近专业归类；需结合学校培养方案复核核心课程,就业评级A；学习难度4/5；电网、新能源和制造业升级带来稳定需求
艺术教育|教育学|教育|师范|教师|教培|教育管理|课程研发,艺术教育,教育学,评级C；学习难度3/5；行业周期或供需波动较明显，需要靠城市、学校平台、实习和作品提高确定性,教师、教培、教育管理、课程研发,通用画像：按教育部本科专业目录门类和相近专业归类；需结合学校培养方案复核核心课程,就业评级C；学习难度3/5；行业周期或供需波动较明显，需要靠城市、学校平台、实习和作品提高确定性
艺术管理|管理学|运营管理|市场营销|供应链|电子商务,艺术管理,管理学,评级C；学习难度3/5；行业周期或供需波动较明显，需要靠城市、学校平台、实习和作品提高确定性,运营管理、市场营销、供应链、电子商务,通用画像：按教育部本科专业目录门类和相近专业归类；需结合学校培养方案复核核心课程,就业评级C；学习难度3/5；行业周期或供需波动较明显，需要靠城市、学校平台、实习和作品提高确定性
艺术设计学|艺术学|设计|文创|艺术教育|展演|制作,艺术设计学,艺术学,评级C；学习难度3/5；行业周期或供需波动较明显，需要靠城市、学校平台、实习和作品提高确定性,设计、文创、艺术教育、展演/制作,通用画像：按教育部本科专业目录门类和相近专业归类；需结合学校培养方案复核核心课程,就业评级C；学习难度3/5；行业周期或供需波动较明显，需要靠城市、学校平台、实习和作品提高确定性
英语|文学|语言|传媒|内容|外贸|翻译|英语教师,英语,文学,评级C；学习难度2/5；纯英语优势减弱，建议辅修商务/法律等方向,英语教师、翻译、外贸,核心课程/能力：综合英语、英美文学、翻译,就业评级C；学习难度2/5；仍需结合学校层次、城市和实习资源判断
茶学|交叉学科,茶学,交叉学科,评级B；学习难度3/5；就业面取决于学校平台、城市产业和个人实习/证书积累,结合具体课程方向选择行业岗位,通用画像：按教育部本科专业目录门类和相近专业归类；需结合学校培养方案复核核心课程,就业评级B；学习难度3/5；就业面取决于学校平台、城市产业和个人实习/证书积累
草业科学|农学|农业技术|乡村振兴|食品|生物相关产业,草业科学,农学,评级B；学习难度3/5；就业面取决于学校平台、城市产业和个人实习/证书积累,农业技术、乡村振兴、食品/生物相关产业,通用画像：按教育部本科专业目录门类和相近专业归类；需结合学校培养方案复核核心课程,就业评级B；学习难度3/5；就业面取决于学校平台、城市产业和个人实习/证书积累
药事管理|管理学|药师|药品研发|药企注册|质量|医药销售,药事管理,管理学,评级B；学习难度3/5；就业面取决于学校平台、城市产业和个人实习/证书积累,药师、药品研发、药企注册/质量、医药销售,通用画像：按教育部本科专业目录门类和相近专业归类；需结合学校培养方案复核核心课程,就业评级B；学习难度3/5；就业面取决于学校平台、城市产业和个人实习/证书积累
药学|医学|医生|医院|药企|药师|药品研发|医药代表,药学,医学,评级B；学习难度3/5；医院药房/药企稳定，研发需深造,药师、药品研发、医药代表,核心课程/能力：药理学、药物化学、药剂学,就业评级B；学习难度3/5；仍需结合学校层次、城市和实习资源判断
药学类|医学|药师|药品研发|药企注册|质量|医药销售,药学类,医学,评级B；学习难度4/5；就业面取决于学校平台、城市产业和个人实习/证书积累,药师、药品研发、药企注册/质量、医药销售,通用画像：按教育部本科专业目录门类和相近专业归类；需结合学校培养方案复核核心课程,就业评级B；学习难度4/5；就业面取决于学校平台、城市产业和个人实习/证书积累
药物分析|医学|药师|药品研发|药企注册|质量|医药销售,药物分析,医学,评级B；学习难度4/5；就业面取决于学校平台、城市产业和个人实习/证书积累,药师、药品研发、药企注册/质量、医药销售,通用画像：按教育部本科专业目录门类和相近专业归类；需结合学校培养方案复核核心课程,就业评级B；学习难度4/5；就业面取决于学校平台、城市产业和个人实习/证书积累
药物制剂|医学|药师|药品研发|药企注册|质量|医药销售,药物制剂,医学,评级B；学习难度4/5；就业面取决于学校平台、城市产业和个人实习/证书积累,药师、药品研发、药企注册/质量、医药销售,通用画像：按教育部本科专业目录门类和相近专业归类；需结合学校培养方案复核核心课程,就业评级B；学习难度4/5；就业面取决于学校平台、城市产业和个人实习/证书积累
药物化学|医学|药师|药品研发|药企注册|质量|医药销售,药物化学,医学,评级B；学习难度4/5；就业面取决于学校平台、城市产业和个人实习/证书积累,药师、药品研发、药企注册/质量、医药销售,通用画像：按教育部本科专业目录门类和相近专业归类；需结合学校培养方案复核核心课程,就业评级B；学习难度4/5；就业面取决于学校平台、城市产业和个人实习/证书积累
葡萄牙语|交叉学科,葡萄牙语,交叉学科,评级B；学习难度3/5；就业面取决于学校平台、城市产业和个人实习/证书积累,结合具体课程方向选择行业岗位,通用画像：按教育部本科专业目录门类和相近专业归类；需结合学校培养方案复核核心课程,就业评级B；学习难度3/5；就业面取决于学校平台、城市产业和个人实习/证书积累
蚕学|交叉学科,蚕学,交叉学科,评级B；学习难度3/5；就业面取决于学校平台、城市产业和个人实习/证书积累,结合具体课程方向选择行业岗位,通用画像：按教育部本科专业目录门类和相近专业归类；需结合学校培养方案复核核心课程,就业评级B；学习难度3/5；就业面取决于学校平台、城市产业和个人实习/证书积累
行政管理|管理学|运营管理|市场营销|供应链|电子商务,行政管理,管理学,评级C；学习难度3/5；行业周期或供需波动较明显，需要靠城市、学校平台、实习和作品提高确定性,运营管理、市场营销、供应链、电子商务,通用画像：按教育部本科专业目录门类和相近专业归类；需结合学校培养方案复核核心课程,就业评级C；学习难度3/5；行业周期或供需波动较明显，需要靠城市、学校平台、实习和作品提高确定性
西班牙语|交叉学科,西班牙语,交叉学科,评级B；学习难度3/5；就业面取决于学校平台、城市产业和个人实习/证书积累,结合具体课程方向选择行业岗位,通用画像：按教育部本科专业目录门类和相近专业归类；需结合学校培养方案复核核心课程,就业评级B；学习难度3/5；就业面取决于学校平台、城市产业和个人实习/证书积累
视觉传达设计|艺术学|设计|文创|艺术教育|展演|制作,视觉传达设计,艺术学,评级B；学习难度3/5；就业面取决于学校平台、城市产业和个人实习/证书积累,设计、文创、艺术教育、展演/制作,通用画像：按教育部本科专业目录门类和相近专业归类；需结合学校培养方案复核核心课程,就业评级B；学习难度3/5；就业面取决于学校平台、城市产业和个人实习/证书积累
警务指挥与战术|法学|法律服务|公务员|公检法|合规风控,警务指挥与战术,法学,评级B；学习难度3/5；就业面取决于学校平台、城市产业和个人实习/证书积累,法律服务、公务员、公检法、合规风控,通用画像：按教育部本科专业目录门类和相近专业归类；需结合学校培养方案复核核心课程,就业评级B；学习难度3/5；就业面取决于学校平台、城市产业和个人实习/证书积累
警犬技术|工学|工程技术|产品研发|生产运维|项目实施,警犬技术,工学,评级B；学习难度4/5；就业面取决于学校平台、城市产业和个人实习/证书积累,工程技术、产品研发、生产运维、项目实施,通用画像：按教育部本科专业目录门类和相近专业归类；需结合学校培养方案复核核心课程,就业评级B；学习难度4/5；就业面取决于学校平台、城市产业和个人实习/证书积累
计算机应用工程|工学|AI|人工智能|计算机|编程|软件|软件开发|数据分析|算法|AI应用|信息安全,计算机应用工程,工学,评级A；学习难度4/5；数字化和AI应用需求强，但技术迭代快，需要持续学习和项目作品,软件开发、数据分析、算法/AI应用、信息安全,通用画像：按教育部本科专业目录门类和相近专业归类；需结合学校培养方案复核核心课程,就业评级A；学习难度4/5；数字化和AI应用需求强，但技术迭代快，需要持续学习和项目作品
AI|人工智能|计算机|编程|软件|计算机科学与技术|工学|工科|工程|技术|软件工程师|AI工程师|系统架构师,计算机科学与技术,工学,评级A；学习难度4/5；需求量大，但竞争激烈；AI方向前景好，需持续学习,软件开发/算法工程/测试开发/产品技术岗,适合数学和逻辑能力强且愿意长期自学的学生,就业评级A；学习难度4/5；学习压力较高，适合基础扎实且愿意长期投入的学生
计算机类|工学|AI|人工智能|计算机|编程|软件|软件开发|数据分析|算法|AI应用|信息安全,计算机类,工学,评级A；学习难度4/5；数字化和AI应用需求强，但技术迭代快，需要持续学习和项目作品,软件开发、数据分析、算法/AI应用、信息安全,通用画像：按教育部本科专业目录门类和相近专业归类；需结合学校培养方案复核核心课程,就业评级A；学习难度4/5；数字化和AI应用需求强，但技术迭代快，需要持续学习和项目作品
设施农业科学与工程|工学|农业技术|畜牧兽医|水产养殖|农产品研发,设施农业科学与工程,工学,评级B；学习难度4/5；就业面取决于学校平台、城市产业和个人实习/证书积累,农业技术、畜牧兽医、水产养殖、农产品研发,通用画像：按教育部本科专业目录门类和相近专业归类；需结合学校培养方案复核核心课程,就业评级B；学习难度4/5；就业面取决于学校平台、城市产业和个人实习/证书积累
財务管理|管理学|运营管理|市场营销|供应链|电子商务,財务管理,管理学,评级B；学习难度3/5；就业面取决于学校平台、城市产业和个人实习/证书积累,运营管理、市场营销、供应链、电子商务,通用画像：按教育部本科专业目录门类和相近专业归类；需结合学校培养方案复核核心课程,就业评级B；学习难度3/5；就业面取决于学校平台、城市产业和个人实习/证书积累
财务会计教育|管理学|财经|会计|审计|教育|师范|教师|税务|财务分析,财务会计教育,管理学,评级A；学习难度3/5；岗位稳定，但基础核算受自动化影响，证书和实习很关键,会计、审计、税务、财务分析,通用画像：按教育部本科专业目录门类和相近专业归类；需结合学校培养方案复核核心课程,就业评级A；学习难度3/5；岗位稳定，但基础核算受自动化影响，证书和实习很关键
财务管理|管理学|管理|商业|运营|财经|会计|审计|财务|财务分析师|资金管理|企业财务,财务管理,管理学,评级B；学习难度3/5；与会计学类似，偏管理分析,财务分析师、资金管理、企业财务,核心课程/能力：财务管理、财务报表分析、税务筹划,就业评级B；学习难度3/5；仍需结合学校层次、城市和实习资源判断
财政学|经济学|金融机构|财税|咨询|企业经营分析,财政学,经济学,评级B；学习难度3/5；就业面取决于学校平台、城市产业和个人实习/证书积累,金融机构、财税、咨询、企业经营分析,通用画像：按教育部本科专业目录门类和相近专业归类；需结合学校培养方案复核核心课程,就业评级B；学习难度3/5；就业面取决于学校平台、城市产业和个人实习/证书积累
财政学类|经济学|金融机构|财税|咨询|企业经营分析,财政学类,经济学,评级B；学习难度3/5；就业面取决于学校平台、城市产业和个人实习/证书积累,金融机构、财税、咨询、企业经营分析,通用画像：按教育部本科专业目录门类和相近专业归类；需结合学校培养方案复核核心课程,就业评级B；学习难度3/5；就业面取决于学校平台、城市产业和个人实习/证书积累
质量管理工程|工学|运营管理|市场营销|供应链|电子商务,质量管理工程,工学,评级B；学习难度4/5；就业面取决于学校平台、城市产业和个人实习/证书积累,运营管理、市场营销、供应链、电子商务,通用画像：按教育部本科专业目录门类和相近专业归类；需结合学校培养方案复核核心课程,就业评级B；学习难度4/5；就业面取决于学校平台、城市产业和个人实习/证书积累
资产评估|交叉学科,资产评估,交叉学科,评级B；学习难度3/5；就业面取决于学校平台、城市产业和个人实习/证书积累,结合具体课程方向选择行业岗位,通用画像：按教育部本科专业目录门类和相近专业归类；需结合学校培养方案复核核心课程,就业评级B；学习难度3/5；就业面取决于学校平台、城市产业和个人实习/证书积累
资源勘查工程|工学|工程技术|产品研发|生产运维|项目实施,资源勘查工程,工学,评级B；学习难度4/5；就业面取决于学校平台、城市产业和个人实习/证书积累,工程技术、产品研发、生产运维、项目实施,通用画像：按教育部本科专业目录门类和相近专业归类；需结合学校培养方案复核核心课程,就业评级B；学习难度4/5；就业面取决于学校平台、城市产业和个人实习/证书积累
资源循环科学与工程|工学|工程技术|产品研发|生产运维|项目实施,资源循环科学与工程,工学,评级B；学习难度4/5；就业面取决于学校平台、城市产业和个人实习/证书积累,工程技术、产品研发、生产运维、项目实施,通用画像：按教育部本科专业目录门类和相近专业归类；需结合学校培养方案复核核心课程,就业评级B；学习难度4/5；就业面取决于学校平台、城市产业和个人实习/证书积累
资源环境科学|工学|工程技术|产品研发|生产运维|项目实施,资源环境科学,工学,评级B；学习难度4/5；就业面取决于学校平台、城市产业和个人实习/证书积累,工程技术、产品研发、生产运维、项目实施,通用画像：按教育部本科专业目录门类和相近专业归类；需结合学校培养方案复核核心课程,就业评级B；学习难度4/5；就业面取决于学校平台、城市产业和个人实习/证书积累
资酒店管理|管理学|运营管理|市场营销|供应链|电子商务,资酒店管理,管理学,评级C；学习难度3/5；行业周期或供需波动较明显，需要靠城市、学校平台、实习和作品提高确定性,运营管理、市场营销、供应链、电子商务,通用画像：按教育部本科专业目录门类和相近专业归类；需结合学校培养方案复核核心课程,就业评级C；学习难度3/5；行业周期或供需波动较明显，需要靠城市、学校平台、实习和作品提高确定性
跨境电子商务|工学|电子工程|通信网络|芯片|半导体|硬件测试,跨境电子商务,工学,评级B；学习难度4/5；就业面取决于学校平台、城市产业和个人实习/证书积累,电子工程、通信网络、芯片/半导体、硬件测试,通用画像：按教育部本科专业目录门类和相近专业归类；需结合学校培养方案复核核心课程,就业评级B；学习难度4/5；就业面取决于学校平台、城市产业和个人实习/证书积累
车辆工程|工学|工科|工程|技术|新能源|储能|电力|汽车|新能源车|智能驾驶|汽车工程师|新能源汽车工程师,车辆工程,工学,评级A；学习难度4/5；2025年首次绿牌，新能源车方向爆发,汽车工程师、新能源汽车工程师,核心课程/能力：汽车理论、动力电池、自动驾驶,就业评级A；学习难度4/5；学习压力较高，适合基础扎实且愿意长期投入的学生
轮机工程|工学|工程技术|产品研发|生产运维|项目实施,轮机工程,工学,评级B；学习难度4/5；就业面取决于学校平台、城市产业和个人实习/证书积累,工程技术、产品研发、生产运维、项目实施,通用画像：按教育部本科专业目录门类和相近专业归类；需结合学校培养方案复核核心课程,就业评级B；学习难度4/5；就业面取决于学校平台、城市产业和个人实习/证书积累
软件工程|工学|工科|工程|技术|计算机|软件|编程|软件开发工程师|测试工程师|DevOps,软件工程,工学,评级A；学习难度4/5；就业率高，薪资中上；外包竞争加剧,软件开发工程师、测试工程师、DevOps,核心课程/能力：软件工程方法、设计模式、敏捷开发,就业评级A；学习难度4/5；学习压力较高，适合基础扎实且愿意长期投入的学生
软件工程技术|工学|软件开发|数据分析|算法|AI应用|信息安全,软件工程技术,工学,评级A；学习难度4/5；数字化和AI应用需求强，但技术迭代快，需要持续学习和项目作品,软件开发、数据分析、算法/AI应用、信息安全,通用画像：按教育部本科专业目录门类和相近专业归类；需结合学校培养方案复核核心课程,就业评级A；学习难度4/5；数字化和AI应用需求强，但技术迭代快，需要持续学习和项目作品
轻工类|交叉学科,轻工类,交叉学科,评级B；学习难度3/5；就业面取决于学校平台、城市产业和个人实习/证书积累,结合具体课程方向选择行业岗位,通用画像：按教育部本科专业目录门类和相近专业归类；需结合学校培养方案复核核心课程,就业评级B；学习难度3/5；就业面取决于学校平台、城市产业和个人实习/证书积累
过程装备与控制工程|工学|工程技术|产品研发|生产运维|项目实施,过程装备与控制工程,工学,评级B；学习难度4/5；就业面取决于学校平台、城市产业和个人实习/证书积累,工程技术、产品研发、生产运维、项目实施,通用画像：按教育部本科专业目录门类和相近专业归类；需结合学校培养方案复核核心课程,就业评级B；学习难度4/5；就业面取决于学校平台、城市产业和个人实习/证书积累
通信工程|工学|工科|工程|技术|通信|电子信息|网络|通信工程师|网络工程师|射频工程师,通信工程,工学,评级A；学习难度4/5；5G/6G推动需求，华为中兴等大厂吸纳,通信工程师、网络工程师、射频工程师,核心课程/能力：通信原理、信号处理、光纤通信,就业评级A；学习难度4/5；学习压力较高，适合基础扎实且愿意长期投入的学生
道路桥梁与渡河工程|工学|工程技术|产品研发|生产运维|项目实施,道路桥梁与渡河工程,工学,评级B；学习难度4/5；就业面取决于学校平台、城市产业和个人实习/证书积累,工程技术、产品研发、生产运维、项目实施,通用画像：按教育部本科专业目录门类和相近专业归类；需结合学校培养方案复核核心课程,就业评级B；学习难度4/5；就业面取决于学校平台、城市产业和个人实习/证书积累
遥感科学与技术|工学|工程技术|产品研发|生产运维|项目实施,遥感科学与技术,工学,评级B；学习难度4/5；就业面取决于学校平台、城市产业和个人实习/证书积累,工程技术、产品研发、生产运维、项目实施,通用画像：按教育部本科专业目录门类和相近专业归类；需结合学校培养方案复核核心课程,就业评级B；学习难度4/5；就业面取决于学校平台、城市产业和个人实习/证书积累
邮轮工程与管理|工学|运营管理|市场营销|供应链|电子商务,邮轮工程与管理,工学,评级B；学习难度4/5；就业面取决于学校平台、城市产业和个人实习/证书积累,运营管理、市场营销、供应链、电子商务,通用画像：按教育部本科专业目录门类和相近专业归类；需结合学校培养方案复核核心课程,就业评级B；学习难度4/5；就业面取决于学校平台、城市产业和个人实习/证书积累
酒店管理|管理学|运营管理|市场营销|供应链|电子商务,酒店管理,管理学,评级C；学习难度3/5；行业周期或供需波动较明显，需要靠城市、学校平台、实习和作品提高确定性,运营管理、市场营销、供应链、电子商务,通用画像：按教育部本科专业目录门类和相近专业归类；需结合学校培养方案复核核心课程,就业评级C；学习难度3/5；行业周期或供需波动较明显，需要靠城市、学校平台、实习和作品提高确定性
量子信息科学|交叉学科,量子信息科学,交叉学科,评级B；学习难度3/5；就业面取决于学校平台、城市产业和个人实习/证书积累,结合具体课程方向选择行业岗位,通用画像：按教育部本科专业目录门类和相近专业归类；需结合学校培养方案复核核心课程,就业评级B；学习难度3/5；就业面取决于学校平台、城市产业和个人实习/证书积累
财经|金融|投资|银行|证券|金融学|经济学|经济|保险|投资分析师,金融学,经济学,评级B；学习难度3/5；行业周期性波动；CFA/FRM证书加分明显,银行/证券/基金/企业投融资/风控,适合数学和表达都不弱且愿意积累实习资源的学生,就业评级B；学习难度3/5；仍需结合学校层次、城市和实习资源判断
金融学类|经济学|财经|金融|投资|银行|证券|保险|财税|企业经营分析,金融学类,经济学,评级B；学习难度3/5；就业面取决于学校平台、城市产业和个人实习/证书积累,银行、证券、保险、财税、企业经营分析,通用画像：按教育部本科专业目录门类和相近专业归类；需结合学校培养方案复核核心课程,就业评级B；学习难度3/5；就业面取决于学校平台、城市产业和个人实习/证书积累
金融工程|经济学|财经|金融|经济|投资|银行|量化分析师|风控工程师,金融工程,经济学,评级B；学习难度4/5；对数学要求高，量化方向好,量化分析师、风控工程师,核心课程/能力：金融数学、衍生品定价、编程,就业评级B；学习难度4/5；学习压力较高，适合基础扎实且愿意长期投入的学生
金融数学|经济学|财经|金融|投资|银行|证券|保险|财税|企业经营分析,金融数学,经济学,评级B；学习难度3/5；就业面取决于学校平台、城市产业和个人实习/证书积累,银行、证券、保险、财税、企业经营分析,通用画像：按教育部本科专业目录门类和相近专业归类；需结合学校培养方案复核核心课程,就业评级B；学习难度3/5；就业面取决于学校平台、城市产业和个人实习/证书积累
金融科技|经济学|财经|金融|投资|银行|证券|保险|财税|企业经营分析,金融科技,经济学,评级B；学习难度3/5；就业面取决于学校平台、城市产业和个人实习/证书积累,银行、证券、保险、财税、企业经营分析,通用画像：按教育部本科专业目录门类和相近专业归类；需结合学校培养方案复核核心课程,就业评级B；学习难度3/5；就业面取决于学校平台、城市产业和个人实习/证书积累
金融科技应用|经济学|财经|金融|投资|银行|证券|保险|财税|企业经营分析,金融科技应用,经济学,评级B；学习难度3/5；就业面取决于学校平台、城市产业和个人实习/证书积累,银行、证券、保险、财税、企业经营分析,通用画像：按教育部本科专业目录门类和相近专业归类；需结合学校培养方案复核核心课程,就业评级B；学习难度3/5；就业面取决于学校平台、城市产业和个人实习/证书积累
针灸推拿学5年|医学|医院|基层医疗|医药健康|公共卫生,针灸推拿学,医学,评级B；学习难度4/5；就业面取决于学校平台、城市产业和个人实习/证书积累,医院、基层医疗、医药健康、公共卫生,通用画像：按教育部本科专业目录门类和相近专业归类；需结合学校培养方案复核核心课程,就业评级B；学习难度4/5；就业面取决于学校平台、城市产业和个人实习/证书积累
阿拉伯语|交叉学科,阿拉伯语,交叉学科,评级B；学习难度3/5；就业面取决于学校平台、城市产业和个人实习/证书积累,结合具体课程方向选择行业岗位,通用画像：按教育部本科专业目录门类和相近专业归类；需结合学校培养方案复核核心课程,就业评级B；学习难度3/5；就业面取决于学校平台、城市产业和个人实习/证书积累
集成电路工程技术|工学|电子工程|通信网络|芯片|半导体|硬件测试,集成电路工程技术,工学,评级A；学习难度5/5；就业面取决于学校平台、城市产业和个人实习/证书积累,电子工程、通信网络、芯片/半导体、硬件测试,通用画像：按教育部本科专业目录门类和相近专业归类；需结合学校培养方案复核核心课程,就业评级A；学习难度5/5；就业面取决于学校平台、城市产业和个人实习/证书积累
集成电路设计与集成系统|工学|工科|工程|技术|芯片设计|国家战略急需|广东产业聚集|深圳|广州,集成电路设计与集成系统,工学,评级A；学习难度5/5；芯片设计，国家战略急需，广东产业聚集(深圳/广州),芯片设计，国家战略急需，广东产业聚集(深圳/广州),参考相近专业的课程和能力要求,就业评级A；学习难度5/5；学习压力较高，适合基础扎实且愿意长期投入的学生
音乐学|艺术学|设计|文创|艺术教育|展演|制作,音乐学,艺术学,评级C；学习难度3/5；行业周期或供需波动较明显，需要靠城市、学校平台、实习和作品提高确定性,设计、文创、艺术教育、展演/制作,通用画像：按教育部本科专业目录门类和相近专业归类；需结合学校培养方案复核核心课程,就业评级C；学习难度3/5；行业周期或供需波动较明显，需要靠城市、学校平台、实习和作品提高确定性
音乐表演|艺术学|设计|文创|艺术教育|展演|制作,音乐表演,艺术学,评级C；学习难度3/5；行业周期或供需波动较明显，需要靠城市、学校平台、实习和作品提高确定性,设计、文创、艺术教育、展演/制作,通用画像：按教育部本科专业目录门类和相近专业归类；需结合学校培养方案复核核心课程,就业评级C；学习难度3/5；行业周期或供需波动较明显，需要靠城市、学校平台、实习和作品提高确定性
预防医学|医学|医生|医院|公共卫生医师|疾控技术人员,预防医学,医学,评级B；学习难度3/5；疫情后重视度提升，公务员岗位有优势,公共卫生医师、疾控技术人员,核心课程/能力：流行病学、卫生统计学、职业卫生,就业评级B；学习难度3/5；仍需结合学校层次、城市和实习资源判断
风景园林|交叉学科|农业技术|畜牧兽医|水产养殖|农产品研发,风景园林,交叉学科,评级B；学习难度3/5；就业面取决于学校平台、城市产业和个人实习/证书积累,农业技术、畜牧兽医、水产养殖、农产品研发,通用画像：按教育部本科专业目录门类和相近专业归类；需结合学校培养方案复核核心课程,就业评级B；学习难度3/5；就业面取决于学校平台、城市产业和个人实习/证书积累
食品卫生与营养学|医学|医院医技|护理|康复治疗|公共卫生,食品卫生与营养学,医学,评级B；学习难度4/5；就业面取决于学校平台、城市产业和个人实习/证书积累,医院医技、护理、康复治疗、公共卫生,通用画像：按教育部本科专业目录门类和相近专业归类；需结合学校培养方案复核核心课程,就业评级B；学习难度4/5；就业面取决于学校平台、城市产业和个人实习/证书积累
食品工程技术|工学|工程技术|产品研发|生产运维|项目实施,食品工程技术,工学,评级B；学习难度4/5；就业面取决于学校平台、城市产业和个人实习/证书积累,工程技术、产品研发、生产运维、项目实施,通用画像：按教育部本科专业目录门类和相近专业归类；需结合学校培养方案复核核心课程,就业评级B；学习难度4/5；就业面取决于学校平台、城市产业和个人实习/证书积累
食品科学与工程|工学|工科|工程|技术|食品|质检|研发|食品工程师|质检工程师|研发工程师,食品科学与工程,工学,评级B；学习难度3/5；民生刚需，稳定性好,食品工程师、质检工程师、研发工程师,核心课程/能力：食品化学、食品微生物、食品安全,就业评级B；学习难度3/5；仍需结合学校层次、城市和实习资源判断
食品科学与工程类|工学|工程技术|产品研发|生产运维|项目实施,食品科学与工程类,工学,评级B；学习难度4/5；就业面取决于学校平台、城市产业和个人实习/证书积累,工程技术、产品研发、生产运维、项目实施,通用画像：按教育部本科专业目录门类和相近专业归类；需结合学校培养方案复核核心课程,就业评级B；学习难度4/5；就业面取决于学校平台、城市产业和个人实习/证书积累
食品营养与健康|工学|工程技术|产品研发|生产运维|项目实施,食品营养与健康,工学,评级B；学习难度4/5；就业面取决于学校平台、城市产业和个人实习/证书积累,工程技术、产品研发、生产运维、项目实施,通用画像：按教育部本科专业目录门类和相近专业归类；需结合学校培养方案复核核心课程,就业评级B；学习难度4/5；就业面取决于学校平台、城市产业和个人实习/证书积累
食品质量与安全|工学|工程技术|产品研发|生产运维|项目实施,食品质量与安全,工学,评级B；学习难度4/5；就业面取决于学校平台、城市产业和个人实习/证书积累,工程技术、产品研发、生产运维、项目实施,通用画像：按教育部本科专业目录门类和相近专业归类；需结合学校培养方案复核核心课程,就业评级B；学习难度4/5；就业面取决于学校平台、城市产业和个人实习/证书积累
马克思主义理论|交叉学科,马克思主义理论,交叉学科,评级B；学习难度3/5；就业面取决于学校平台、城市产业和个人实习/证书积累,结合具体课程方向选择行业岗位,通用画像：按教育部本科专业目录门类和相近专业归类；需结合学校培养方案复核核心课程,就业评级B；学习难度3/5；就业面取决于学校平台、城市产业和个人实习/证书积累
高分子材料与工程|工学|工程技术|产品研发|生产运维|项目实施,高分子材料与工程,工学,评级B；学习难度4/5；就业面取决于学校平台、城市产业和个人实习/证书积累,工程技术、产品研发、生产运维、项目实施,通用画像：按教育部本科专业目录门类和相近专业归类；需结合学校培养方案复核核心课程,就业评级B；学习难度4/5；就业面取决于学校平台、城市产业和个人实习/证书积累
麻醉学|医学|医生|医院|麻醉医师,麻醉学,医学,评级A；学习难度4/5；人才缺口大，医院刚需岗位,麻醉医师,核心课程/能力：麻醉学、危重病医学、疼痛诊疗,就业评级A；学习难度4/5；学习压力较高，适合基础扎实且愿意长期投入的学生
