assets/raw-cache/gdupt/official-19438/img-04-white.png	0.014347	0.983978	0.071881	0.011694	招生省份
assets/raw-cache/gdupt/official-19438/img-04-white.png	0.163793	0.984012	0.129310	0.011771	专业名称（方向）
assets/raw-cache/gdupt/official-19438/img-04-white.png	0.402299	0.984012	0.037356	0.011771	科类
assets/raw-cache/gdupt/official-19438/img-04-white.png	0.497126	0.984012	0.068966	0.011771	录取人数
assets/raw-cache/gdupt/official-19438/img-04-white.png	0.591954	0.984012	0.086207	0.011771	录取最低分
assets/raw-cache/gdupt/official-19438/img-04-white.png	0.695344	0.983900	0.086324	0.011852	录取最高分
assets/raw-cache/gdupt/official-19438/img-04-white.png	0.798851	0.984012	0.086207	0.011771	录取平均分
assets/raw-cache/gdupt/official-19438/img-04-white.png	0.910920	0.984012	0.068966	0.011771	最低排名
assets/raw-cache/gdupt/official-19438/img-04-white.png	0.031609	0.966570	0.037356	0.011628	广东
assets/raw-cache/gdupt/official-19438/img-04-white.png	0.163793	0.966570	0.137931	0.011628	高分子材料与工程
assets/raw-cache/gdupt/official-19438/img-04-white.png	0.396552	0.966570	0.051724	0.011628	物理类
assets/raw-cache/gdupt/official-19438/img-04-white.png	0.517241	0.969477	0.034483	0.007267	170
assets/raw-cache/gdupt/official-19438/img-04-white.png	0.617816	0.968023	0.037356	0.010174	505
assets/raw-cache/gdupt/official-19438/img-04-white.png	0.724138	0.969477	0.034483	0.007267	537
assets/raw-cache/gdupt/official-19438/img-04-white.png	0.821839	0.969477	0.045977	0.008721	507.1
assets/raw-cache/gdupt/official-19438/img-04-white.png	0.919540	0.969477	0.060345	0.008721	156207
assets/raw-cache/gdupt/official-19438/img-04-white.png	0.031609	0.948922	0.037356	0.011834	广东
assets/raw-cache/gdupt/official-19438/img-04-white.png	0.198276	0.948922	0.068966	0.011834	功能材料
assets/raw-cache/gdupt/official-19438/img-04-white.png	0.393678	0.948922	0.054598	0.011834	物理类
assets/raw-cache/gdupt/official-19438/img-04-white.png	0.517241	0.952035	0.034483	0.007267	100
assets/raw-cache/gdupt/official-19438/img-04-white.png	0.617816	0.948922	0.037356	0.010380	504
assets/raw-cache/gdupt/official-19438/img-04-white.png	0.721264	0.948922	0.037356	0.010380	524
assets/raw-cache/gdupt/official-19438/img-04-white.png	0.818966	0.948922	0.048851	0.011834	505.2
assets/raw-cache/gdupt/official-19438/img-04-white.png	0.913793	0.948922	0.066092	0.011834	158288
assets/raw-cache/gdupt/official-19438/img-04-white.png	0.031609	0.931584	0.037356	0.011730	广东
assets/raw-cache/gdupt/official-19438/img-04-white.png	0.183738	0.932690	0.100915	0.011074	电子信息工程
assets/raw-cache/gdupt/official-19438/img-04-white.png	0.393678	0.930178	0.054598	0.013136	物理类
assets/raw-cache/gdupt/official-19438/img-04-white.png	0.517241	0.932990	0.034483	0.008903	153
assets/raw-cache/gdupt/official-19438/img-04-white.png	0.620690	0.932990	0.034483	0.008903	509
assets/raw-cache/gdupt/official-19438/img-04-white.png	0.721264	0.931584	0.037356	0.010309	540
assets/raw-cache/gdupt/official-19438/img-04-white.png	0.818966	0.931584	0.048851	0.011730	515.3
assets/raw-cache/gdupt/official-19438/img-04-white.png	0.913793	0.931584	0.066092	0.011730	148338
assets/raw-cache/gdupt/official-19438/img-04-white.png	0.031609	0.912791	0.037356	0.011764	广东
assets/raw-cache/gdupt/official-19438/img-04-white.png	0.140805	0.912791	0.186782	0.011764	集成电路设计与集成系统
assets/raw-cache/gdupt/official-19438/img-04-white.png	0.393678	0.912791	0.054598	0.011764	物埋类
assets/raw-cache/gdupt/official-19438/img-04-white.png	0.517241	0.915651	0.034483	0.008903	148
assets/raw-cache/gdupt/official-19438/img-04-white.png	0.620690	0.915651	0.034483	0.008903	506
assets/raw-cache/gdupt/official-19438/img-04-white.png	0.721264	0.914244	0.037356	0.010311	530
assets/raw-cache/gdupt/official-19438/img-04-white.png	0.821839	0.915651	0.045977	0.008903	508.7
assets/raw-cache/gdupt/official-19438/img-04-white.png	0.913793	0.914244	0.066092	0.010311	154229
assets/raw-cache/gdupt/official-19438/img-04-white.png	0.031609	0.895349	0.037356	0.011628	广东
assets/raw-cache/gdupt/official-19438/img-04-white.png	0.198276	0.895349	0.071839	0.011628	人工智能
assets/raw-cache/gdupt/official-19438/img-04-white.png	0.393678	0.895349	0.054598	0.011628	物理类
assets/raw-cache/gdupt/official-19438/img-04-white.png	0.520115	0.896802	0.028736	0.010174	85
assets/raw-cache/gdupt/official-19438/img-04-white.png	0.620690	0.898256	0.034483	0.007267	506
assets/raw-cache/gdupt/official-19438/img-04-white.png	0.724138	0.898256	0.034483	0.007267	550
assets/raw-cache/gdupt/official-19438/img-04-white.png	0.821839	0.896802	0.045977	0.010174	511.2
assets/raw-cache/gdupt/official-19438/img-04-white.png	0.913793	0.895349	0.066092	0.011628	153896
assets/raw-cache/gdupt/official-19438/img-04-white.png	0.034483	0.879360	0.034483	0.008721	广东
assets/raw-cache/gdupt/official-19438/img-04-white.png	0.135057	0.879360	0.189655	0.008721	化学工程与工艺（卓越班）
assets/raw-cache/gdupt/official-19438/img-04-white.png	0.393678	0.876289	0.054598	0.013246	物理类
assets/raw-cache/gdupt/official-19438/img-04-white.png	0.517241	0.879360	0.034483	0.008721	184
assets/raw-cache/gdupt/official-19438/img-04-white.png	0.620690	0.879360	0.034483	0.008721	529
assets/raw-cache/gdupt/official-19438/img-04-white.png	0.721264	0.877694	0.037356	0.010387	557
assets/raw-cache/gdupt/official-19438/img-04-white.png	0.821839	0.879360	0.045977	0.008721	536.9
assets/raw-cache/gdupt/official-19438/img-04-white.png	0.916667	0.879360	0.063218	0.008721	114357
assets/raw-cache/gdupt/official-19438/img-04-white.png	0.034483	0.860356	0.034483	0.010309	广东
assets/raw-cache/gdupt/official-19438/img-04-white.png	0.183908	0.861762	0.100575	0.008903	能源化学工程
assets/raw-cache/gdupt/official-19438/img-04-white.png	0.396552	0.858950	0.051724	0.011715	物理类
assets/raw-cache/gdupt/official-19438/img-04-white.png	0.520115	0.860356	0.028736	0.010309	70
assets/raw-cache/gdupt/official-19438/img-04-white.png	0.620690	0.861762	0.034483	0.008903	516
assets/raw-cache/gdupt/official-19438/img-04-white.png	0.721264	0.860356	0.037356	0.010309	532
assets/raw-cache/gdupt/official-19438/img-04-white.png	0.821839	0.861762	0.045977	0.008903	521.4
assets/raw-cache/gdupt/official-19438/img-04-white.png	0.916667	0.861762	0.063218	0.008903	135551
assets/raw-cache/gdupt/official-19438/img-04-white.png	0.031609	0.841570	0.037356	0.011757	广东
assets/raw-cache/gdupt/official-19438/img-04-white.png	0.198245	0.841523	0.069027	0.011722	精细化工
assets/raw-cache/gdupt/official-19438/img-04-white.png	0.396552	0.841570	0.051724	0.011757	物埋类
assets/raw-cache/gdupt/official-19438/img-04-white.png	0.522989	0.844424	0.022989	0.007498	60
assets/raw-cache/gdupt/official-19438/img-04-white.png	0.620690	0.844424	0.034483	0.007498	514
assets/raw-cache/gdupt/official-19438/img-04-white.png	0.724138	0.844424	0.034483	0.007498	533
assets/raw-cache/gdupt/official-19438/img-04-white.png	0.821839	0.844424	0.045977	0.008903	518.5
assets/raw-cache/gdupt/official-19438/img-04-white.png	0.919540	0.844424	0.060345	0.008903	140336
assets/raw-cache/gdupt/official-19438/img-04-white.png	0.034483	0.825581	0.037356	0.008721	广东
assets/raw-cache/gdupt/official-19438/img-04-white.png	0.198276	0.824128	0.071839	0.011861	应用化学
assets/raw-cache/gdupt/official-19438/img-04-white.png	0.396552	0.824128	0.051724	0.011861	物理类
assets/raw-cache/gdupt/official-19438/img-04-white.png	0.517241	0.827035	0.034483	0.007267	123
assets/raw-cache/gdupt/official-19438/img-04-white.png	0.620690	0.827035	0.034483	0.007267	511
assets/raw-cache/gdupt/official-19438/img-04-white.png	0.724138	0.825581	0.034483	0.008721	528
assets/raw-cache/gdupt/official-19438/img-04-white.png	0.818966	0.824128	0.048851	0.011861	515.4
assets/raw-cache/gdupt/official-19438/img-04-white.png	0.919540	0.825581	0.060345	0.010407	145061
assets/raw-cache/gdupt/official-19438/img-04-white.png	0.031609	0.805061	0.040230	0.011800	广东
assets/raw-cache/gdupt/official-19438/img-04-white.png	0.163793	0.806467	0.137931	0.011847	给排水科学与工程
assets/raw-cache/gdupt/official-19438/img-04-white.png	0.396552	0.805061	0.051724	0.013253	物理类
assets/raw-cache/gdupt/official-19438/img-04-white.png	0.517241	0.808140	0.034483	0.008721	101
assets/raw-cache/gdupt/official-19438/img-04-white.png	0.617816	0.806467	0.037356	0.010394	507
assets/raw-cache/gdupt/official-19438/img-04-white.png	0.721264	0.806467	0.037356	0.010394	528
assets/raw-cache/gdupt/official-19438/img-04-white.png	0.821839	0.808140	0.045977	0.008721	510.7
assets/raw-cache/gdupt/official-19438/img-04-white.png	0.916667	0.808140	0.063218	0.008721	151850
assets/raw-cache/gdupt/official-19438/img-04-white.png	0.031609	0.787723	0.040230	0.011715	广东
assets/raw-cache/gdupt/official-19438/img-04-white.png	0.180878	0.787423	0.103761	0.012363	环保设备工程
assets/raw-cache/gdupt/official-19438/img-04-white.png	0.396552	0.787723	0.051724	0.011715	物理类
assets/raw-cache/gdupt/official-19438/img-04-white.png	0.522989	0.790534	0.022989	0.008903	65
assets/raw-cache/gdupt/official-19438/img-04-white.png	0.617816	0.789128	0.037356	0.010309	507
assets/raw-cache/gdupt/official-19438/img-04-white.png	0.721264	0.789128	0.037356	0.010309	514
assets/raw-cache/gdupt/official-19438/img-04-white.png	0.821839	0.790534	0.045977	0.008903	509.7
assets/raw-cache/gdupt/official-19438/img-04-white.png	0.916667	0.790534	0.063218	0.008903	151914
assets/raw-cache/gdupt/official-19438/img-04-white.png	0.031609	0.770349	0.040230	0.010345	广东
assets/raw-cache/gdupt/official-19438/img-04-white.png	0.198276	0.770349	0.068966	0.011751	环境工程
assets/raw-cache/gdupt/official-19438/img-04-white.png	0.393678	0.770349	0.054598	0.011751	物理类
assets/raw-cache/gdupt/official-19438/img-04-white.png	0.517241	0.773196	0.034483	0.007498	127
assets/raw-cache/gdupt/official-19438/img-04-white.png	0.617816	0.770349	0.037356	0.010345	507
assets/raw-cache/gdupt/official-19438/img-04-white.png	0.724138	0.771790	0.034483	0.008903	528
assets/raw-cache/gdupt/official-19438/img-04-white.png	0.821839	0.771790	0.045977	0.008903	510.5
assets/raw-cache/gdupt/official-19438/img-04-white.png	0.919540	0.771790	0.060345	0.008903	152002
assets/raw-cache/gdupt/official-19438/img-04-white.png	0.034483	0.752907	0.037356	0.010174	广东
assets/raw-cache/gdupt/official-19438/img-04-white.png	0.158046	0.754360	0.152299	0.010401	材料成型及控制工程
assets/raw-cache/gdupt/official-19438/img-04-white.png	0.396552	0.751453	0.054598	0.013308	物理类
assets/raw-cache/gdupt/official-19438/img-04-white.png	0.520115	0.752907	0.025862	0.010174	65
assets/raw-cache/gdupt/official-19438/img-04-white.png	0.620690	0.754360	0.034483	0.008721	510
assets/raw-cache/gdupt/official-19438/img-04-white.png	0.721264	0.752907	0.037356	0.010174	519
assets/raw-cache/gdupt/official-19438/img-04-white.png	0.821839	0.754360	0.045977	0.008721	513.2
assets/raw-cache/gdupt/official-19438/img-04-white.png	0.919540	0.754360	0.057471	0.008721	146711
assets/raw-cache/gdupt/official-19438/img-04-white.png	0.031609	0.733833	0.037356	0.011806	广东
assets/raw-cache/gdupt/official-19438/img-04-white.png	0.201149	0.736919	0.066092	0.008721	工业工程
assets/raw-cache/gdupt/official-19438/img-04-white.png	0.393678	0.733833	0.054598	0.011806	物理类
assets/raw-cache/gdupt/official-19438/img-04-white.png	0.520115	0.735239	0.025862	0.010401	75
assets/raw-cache/gdupt/official-19438/img-04-white.png	0.620690	0.736919	0.034483	0.008721	501
assets/raw-cache/gdupt/official-19438/img-04-white.png	0.724138	0.736919	0.034483	0.008721	536
assets/raw-cache/gdupt/official-19438/img-04-white.png	0.821839	0.736919	0.045977	0.008721	510.3
assets/raw-cache/gdupt/official-19438/img-04-white.png	0.916642	0.736873	0.063267	0.008812	162193
assets/raw-cache/gdupt/official-19438/img-04-white.png	0.031609	0.716495	0.037356	0.011715	广东
assets/raw-cache/gdupt/official-19438/img-04-white.png	0.198141	0.716362	0.069235	0.012044	工业设计
assets/raw-cache/gdupt/official-19438/img-04-white.png	0.396552	0.716495	0.051724	0.011715	物理类
assets/raw-cache/gdupt/official-19438/img-04-white.png	0.520115	0.717901	0.025862	0.010309	62
assets/raw-cache/gdupt/official-19438/img-04-white.png	0.623563	0.719306	0.031609	0.008903	510
assets/raw-cache/gdupt/official-19438/img-04-white.png	0.721264	0.717901	0.037356	0.010309	522
assets/raw-cache/gdupt/official-19438/img-04-white.png	0.821839	0.719306	0.045977	0.008903	512.6
assets/raw-cache/gdupt/official-19438/img-04-white.png	0.919540	0.719306	0.060345	0.008903	146511
assets/raw-cache/gdupt/official-19438/img-04-white.png	0.031609	0.699128	0.037356	0.011744	广东
assets/raw-cache/gdupt/official-19438/img-04-white.png	0.172371	0.699013	0.120775	0.011858	焊接技术与工程
assets/raw-cache/gdupt/official-19438/img-04-white.png	0.393678	0.699128	0.054598	0.011744	物埋类
assets/raw-cache/gdupt/official-19438/img-04-white.png	0.520115	0.700562	0.025862	0.008903	54
assets/raw-cache/gdupt/official-19438/img-04-white.png	0.623563	0.701968	0.031609	0.007498	510
assets/raw-cache/gdupt/official-19438/img-04-white.png	0.721264	0.699128	0.037356	0.010338	521
assets/raw-cache/gdupt/official-19438/img-04-white.png	0.818966	0.699128	0.048851	0.011744	512.7
assets/raw-cache/gdupt/official-19438/img-04-white.png	0.919540	0.701968	0.060345	0.008903	146670
assets/raw-cache/gdupt/official-19438/img-04-white.png	0.031609	0.681686	0.037356	0.011847	广东
assets/raw-cache/gdupt/official-19438/img-04-white.png	0.140805	0.681686	0.186782	0.011847	机械设计制造及其自动化
assets/raw-cache/gdupt/official-19438/img-04-white.png	0.396552	0.680233	0.051724	0.013301	物理类
assets/raw-cache/gdupt/official-19438/img-04-white.png	0.517241	0.684593	0.034483	0.007267	154
assets/raw-cache/gdupt/official-19438/img-04-white.png	0.620690	0.683140	0.034483	0.008721	519
assets/raw-cache/gdupt/official-19438/img-04-white.png	0.721264	0.681686	0.037356	0.010174	542
assets/raw-cache/gdupt/official-19438/img-04-white.png	0.818966	0.681686	0.048851	0.011847	522.9
assets/raw-cache/gdupt/official-19438/img-04-white.png	0.913793	0.681686	0.066092	0.010174	130141
assets/raw-cache/gdupt/official-19438/img-04-white.png	0.031609	0.662605	0.040230	0.013267	广东
assets/raw-cache/gdupt/official-19438/img-04-white.png	0.163751	0.662676	0.138015	0.013310	计算机科学与技术
assets/raw-cache/gdupt/official-19438/img-04-white.png	0.393678	0.662605	0.054598	0.013267	物理类
assets/raw-cache/gdupt/official-19438/img-04-white.png	0.514368	0.664011	0.037356	0.010407	156
assets/raw-cache/gdupt/official-19438/img-04-white.png	0.620690	0.665698	0.037356	0.008721	510
assets/raw-cache/gdupt/official-19438/img-04-white.png	0.721264	0.664011	0.040230	0.011861	546
assets/raw-cache/gdupt/official-19438/img-04-white.png	0.818966	0.662605	0.048851	0.011813	515.5
assets/raw-cache/gdupt/official-19438/img-04-white.png	0.913793	0.664011	0.066092	0.011861	145858
assets/raw-cache/gdupt/official-19438/img-04-white.png	0.031609	0.645267	0.037356	0.011715	广东
assets/raw-cache/gdupt/official-19438/img-04-white.png	0.146552	0.645267	0.172414	0.011715	数据科学与大数据技术
assets/raw-cache/gdupt/official-19438/img-04-white.png	0.393678	0.645267	0.054598	0.011715	物埋类
assets/raw-cache/gdupt/official-19438/img-04-white.png	0.520115	0.646673	0.025862	0.010309	97
assets/raw-cache/gdupt/official-19438/img-04-white.png	0.617816	0.646673	0.037356	0.010309	505
assets/raw-cache/gdupt/official-19438/img-04-white.png	0.721264	0.645267	0.040230	0.011715	526
assets/raw-cache/gdupt/official-19438/img-04-white.png	0.816092	0.645267	0.051724	0.013163	507.5
assets/raw-cache/gdupt/official-19438/img-04-white.png	0.913793	0.645267	0.066092	0.011715	155905
assets/raw-cache/gdupt/official-19438/img-04-white.png	0.031609	0.627907	0.037356	0.011737	广东
assets/raw-cache/gdupt/official-19438/img-04-white.png	0.198276	0.627907	0.068966	0.011737	网络工程
assets/raw-cache/gdupt/official-19438/img-04-white.png	0.393678	0.626453	0.054598	0.013190	物理类
assets/raw-cache/gdupt/official-19438/img-04-white.png	0.520115	0.627907	0.028736	0.010331	82
assets/raw-cache/gdupt/official-19438/img-04-white.png	0.617816	0.627907	0.037356	0.011737	507
assets/raw-cache/gdupt/official-19438/img-04-white.png	0.721264	0.627907	0.037356	0.011737	523
assets/raw-cache/gdupt/official-19438/img-04-white.png	0.818966	0.627907	0.048851	0.011737	509.2
assets/raw-cache/gdupt/official-19438/img-04-white.png	0.913793	0.627907	0.066092	0.011737	152755
assets/raw-cache/gdupt/official-19438/img-04-white.png	0.031609	0.609012	0.037356	0.011628	广东
assets/raw-cache/gdupt/official-19438/img-04-white.png	0.192345	0.611519	0.083700	0.010973	物联网工程
assets/raw-cache/gdupt/official-19438/img-04-white.png	0.393678	0.609012	0.054598	0.013294	物理类
assets/raw-cache/gdupt/official-19438/img-04-white.png	0.520115	0.610465	0.025862	0.010174	82
assets/raw-cache/gdupt/official-19438/img-04-white.png	0.617816	0.610465	0.037356	0.010174	505
assets/raw-cache/gdupt/official-19438/img-04-white.png	0.721264	0.610465	0.037356	0.011840	514
assets/raw-cache/gdupt/official-19438/img-04-white.png	0.818966	0.610465	0.048851	0.011840	506.9
assets/raw-cache/gdupt/official-19438/img-04-white.png	0.916667	0.610465	0.063218	0.010174	155284
assets/raw-cache/gdupt/official-19438/img-04-white.png	0.031609	0.591378	0.037356	0.011820	广东
assets/raw-cache/gdupt/official-19438/img-04-white.png	0.198035	0.591194	0.069446	0.012379	工程力学
assets/raw-cache/gdupt/official-19438/img-04-white.png	0.396552	0.591378	0.051724	0.011820	物理类
assets/raw-cache/gdupt/official-19438/img-04-white.png	0.520115	0.591378	0.028736	0.011820	26
assets/raw-cache/gdupt/official-19438/img-04-white.png	0.617816	0.593023	0.037356	0.010174	510
assets/raw-cache/gdupt/official-19438/img-04-white.png	0.721264	0.591378	0.037356	0.011820	519
assets/raw-cache/gdupt/official-19438/img-04-white.png	0.818966	0.591378	0.048851	0.011820	512.3
assets/raw-cache/gdupt/official-19438/img-04-white.png	0.916667	0.594477	0.063218	0.008721	146619
assets/raw-cache/gdupt/official-19438/img-04-white.png	0.028736	0.574039	0.043103	0.010309	广东
assets/raw-cache/gdupt/official-19438/img-04-white.png	0.206897	0.574039	0.054598	0.011716	建筑学
assets/raw-cache/gdupt/official-19438/img-04-white.png	0.396552	0.574039	0.051724	0.011716	物理类
assets/raw-cache/gdupt/official-19438/img-04-white.png	0.520115	0.574039	0.025862	0.011716	57
assets/raw-cache/gdupt/official-19438/img-04-white.png	0.617816	0.574039	0.037356	0.011716	499
assets/raw-cache/gdupt/official-19438/img-04-white.png	0.721264	0.574039	0.037356	0.011716	532
assets/raw-cache/gdupt/official-19438/img-04-white.png	0.818966	0.574039	0.048851	0.011716	502.8
assets/raw-cache/gdupt/official-19438/img-04-white.png	0.916469	0.575258	0.063614	0.010822	166883
assets/raw-cache/gdupt/official-19438/img-04-white.png	0.031609	0.555233	0.040230	0.011778	广东
assets/raw-cache/gdupt/official-19438/img-04-white.png	0.198276	0.556686	0.068966	0.011730	土木工程
assets/raw-cache/gdupt/official-19438/img-04-white.png	0.396552	0.555233	0.051724	0.013184	物理类
assets/raw-cache/gdupt/official-19438/img-04-white.png	0.525862	0.556686	0.017241	0.011628	6
assets/raw-cache/gdupt/official-19438/img-04-white.png	0.617816	0.556686	0.037356	0.010324	504
assets/raw-cache/gdupt/official-19438/img-04-white.png	0.721264	0.555233	0.037356	0.013184	514
assets/raw-cache/gdupt/official-19438/img-04-white.png	0.818966	0.556686	0.048851	0.011730	506.7
assets/raw-cache/gdupt/official-19438/img-04-white.png	0.913793	0.556686	0.066092	0.011730	157482
assets/raw-cache/gdupt/official-19438/img-04-white.png	0.031609	0.537791	0.040230	0.011628	广东
assets/raw-cache/gdupt/official-19438/img-04-white.png	0.198276	0.537791	0.068966	0.011628	智能建造
assets/raw-cache/gdupt/official-19438/img-04-white.png	0.396552	0.537791	0.051724	0.013287	物理类
assets/raw-cache/gdupt/official-19438/img-04-white.png	0.520115	0.537791	0.025862	0.011628	95
assets/raw-cache/gdupt/official-19438/img-04-white.png	0.617816	0.539244	0.037356	0.010174	503
assets/raw-cache/gdupt/official-19438/img-04-white.png	0.721264	0.539244	0.037356	0.010174	515
assets/raw-cache/gdupt/official-19438/img-04-white.png	0.818966	0.537791	0.048851	0.011628	504.8
assets/raw-cache/gdupt/official-19438/img-04-white.png	0.916667	0.540698	0.063218	0.008721	158903
assets/raw-cache/gdupt/official-19438/img-04-white.png	0.031609	0.520150	0.040230	0.011827	广东
assets/raw-cache/gdupt/official-19438/img-04-white.png	0.172364	0.520214	0.120790	0.011897	国际经济与贸易
assets/raw-cache/gdupt/official-19438/img-04-white.png	0.393678	0.520150	0.054598	0.011827	物埋类
assets/raw-cache/gdupt/official-19438/img-04-white.png	0.520115	0.520150	0.028736	0.010373	40
assets/raw-cache/gdupt/official-19438/img-04-white.png	0.617816	0.521802	0.037356	0.010174	500
assets/raw-cache/gdupt/official-19438/img-04-white.png	0.721264	0.520150	0.037356	0.011827	517
assets/raw-cache/gdupt/official-19438/img-04-white.png	0.818966	0.520150	0.048851	0.011827	504.1
assets/raw-cache/gdupt/official-19438/img-04-white.png	0.916667	0.523256	0.063218	0.008721	164510
assets/raw-cache/gdupt/official-19438/img-04-white.png	0.031609	0.501406	0.040230	0.011715	广东
assets/raw-cache/gdupt/official-19438/img-04-white.png	0.206897	0.502812	0.051724	0.011723	会计学
assets/raw-cache/gdupt/official-19438/img-04-white.png	0.393678	0.501406	0.057471	0.013129	物理类
assets/raw-cache/gdupt/official-19438/img-04-white.png	0.522989	0.504217	0.025862	0.008903	60
assets/raw-cache/gdupt/official-19438/img-04-white.png	0.620690	0.504217	0.034483	0.008903	503
assets/raw-cache/gdupt/official-19438/img-04-white.png	0.721264	0.502812	0.037356	0.011723	528
assets/raw-cache/gdupt/official-19438/img-04-white.png	0.818677	0.502590	0.049428	0.012262	511.2
assets/raw-cache/gdupt/official-19438/img-04-white.png	0.919540	0.504217	0.060345	0.008903	159654
assets/raw-cache/gdupt/official-19438/img-04-white.png	0.031609	0.484012	0.037356	0.011771	广东
assets/raw-cache/gdupt/official-19438/img-04-white.png	0.198233	0.485389	0.069052	0.010326	市场营销
assets/raw-cache/gdupt/official-19438/img-04-white.png	0.393678	0.484012	0.054598	0.011771	物理类
assets/raw-cache/gdupt/official-19438/img-04-white.png	0.522989	0.486879	0.025862	0.008903	28
assets/raw-cache/gdupt/official-19438/img-04-white.png	0.617816	0.485465	0.037356	0.010317	499
assets/raw-cache/gdupt/official-19438/img-04-white.png	0.721264	0.485465	0.037356	0.010317	509
assets/raw-cache/gdupt/official-19438/img-04-white.png	0.818966	0.485465	0.048851	0.010317	501.8
assets/raw-cache/gdupt/official-19438/img-04-white.png	0.916667	0.486879	0.063218	0.008903	165915
assets/raw-cache/gdupt/official-19438/img-04-white.png	0.031609	0.466570	0.037356	0.011628	广东
assets/raw-cache/gdupt/official-19438/img-04-white.png	0.198250	0.466531	0.069017	0.011706	物流工程
assets/raw-cache/gdupt/official-19438/img-04-white.png	0.396552	0.466570	0.051724	0.011628	物理类
assets/raw-cache/gdupt/official-19438/img-04-white.png	0.514368	0.466570	0.037356	0.011628	106
assets/raw-cache/gdupt/official-19438/img-04-white.png	0.620690	0.469477	0.034483	0.008721	499
assets/raw-cache/gdupt/official-19438/img-04-white.png	0.721264	0.466570	0.037356	0.011628	523
assets/raw-cache/gdupt/official-19438/img-04-white.png	0.818966	0.468023	0.048851	0.010174	502.5
assets/raw-cache/gdupt/official-19438/img-04-white.png	0.916431	0.469018	0.063689	0.009639	166840
assets/raw-cache/gdupt/official-19438/img-04-white.png	0.031609	0.448922	0.037356	0.011834	广东
assets/raw-cache/gdupt/official-19438/img-04-white.png	0.163793	0.448922	0.129310	0.011834	地理科学（师范）
assets/raw-cache/gdupt/official-19438/img-04-white.png	0.393678	0.448922	0.054598	0.011834	物埋类
assets/raw-cache/gdupt/official-19438/img-04-white.png	0.520115	0.448922	0.025862	0.011834	38
assets/raw-cache/gdupt/official-19438/img-04-white.png	0.617816	0.448922	0.037356	0.011834	512
assets/raw-cache/gdupt/official-19438/img-04-white.png	0.721264	0.448922	0.037356	0.011834	530
assets/raw-cache/gdupt/official-19438/img-04-white.png	0.818743	0.450301	0.049296	0.010734	514.7
assets/raw-cache/gdupt/official-19438/img-04-white.png	0.916667	0.450581	0.063218	0.010174	143828
assets/raw-cache/gdupt/official-19438/img-04-white.png	0.031609	0.431584	0.037356	0.011730	广东
assets/raw-cache/gdupt/official-19438/img-04-white.png	0.189655	0.431584	0.086207	0.011730	教育技术学
assets/raw-cache/gdupt/official-19438/img-04-white.png	0.393678	0.430178	0.054598	0.013136	物理类
assets/raw-cache/gdupt/official-19438/img-04-white.png	0.520115	0.431584	0.028736	0.010309	46
assets/raw-cache/gdupt/official-19438/img-04-white.png	0.617816	0.431584	0.037356	0.010309	503
assets/raw-cache/gdupt/official-19438/img-04-white.png	0.721264	0.431584	0.037356	0.011730	512
assets/raw-cache/gdupt/official-19438/img-04-white.png	0.818966	0.431584	0.048851	0.011730	504.2
assets/raw-cache/gdupt/official-19438/img-04-white.png	0.913793	0.431584	0.066092	0.011730	158945
assets/raw-cache/gdupt/official-19438/img-04-white.png	0.031609	0.412791	0.040230	0.011764	广东
assets/raw-cache/gdupt/official-19438/img-04-white.png	0.140805	0.412791	0.178161	0.011764	数学与应用数学（师范）
assets/raw-cache/gdupt/official-19438/img-04-white.png	0.393678	0.412791	0.054598	0.011764	物埋类
assets/raw-cache/gdupt/official-19438/img-04-white.png	0.517241	0.415651	0.034483	0.008903	125
assets/raw-cache/gdupt/official-19438/img-04-white.png	0.617816	0.414244	0.037356	0.010311	506
assets/raw-cache/gdupt/official-19438/img-04-white.png	0.721264	0.414244	0.037356	0.011716	527
assets/raw-cache/gdupt/official-19438/img-04-white.png	0.818966	0.414244	0.048851	0.011716	511.8
assets/raw-cache/gdupt/official-19438/img-04-white.png	0.913793	0.414244	0.066092	0.010311	153657
assets/raw-cache/gdupt/official-19438/img-04-white.png	0.031609	0.395349	0.040230	0.011628	广东
assets/raw-cache/gdupt/official-19438/img-04-white.png	0.172327	0.395132	0.112242	0.012061	物理学（师范）
assets/raw-cache/gdupt/official-19438/img-04-white.png	0.393678	0.395349	0.054598	0.011628	物理类
assets/raw-cache/gdupt/official-19438/img-04-white.png	0.520115	0.396802	0.028736	0.010174	86
assets/raw-cache/gdupt/official-19438/img-04-white.png	0.617816	0.396802	0.037356	0.010174	503
assets/raw-cache/gdupt/official-19438/img-04-white.png	0.721264	0.395349	0.037356	0.011628	521
assets/raw-cache/gdupt/official-19438/img-04-white.png	0.818966	0.395349	0.048851	0.011628	506.3
assets/raw-cache/gdupt/official-19438/img-04-white.png	0.913765	0.396755	0.066149	0.010269	158413
assets/raw-cache/gdupt/official-19438/img-04-white.png	0.031609	0.377694	0.037356	0.011840	广东
assets/raw-cache/gdupt/official-19438/img-04-white.png	0.163793	0.377694	0.137931	0.011840	新能源科学与工程
assets/raw-cache/gdupt/official-19438/img-04-white.png	0.393678	0.377694	0.054598	0.011840	物理类
assets/raw-cache/gdupt/official-19438/img-04-white.png	0.520115	0.377694	0.028736	0.011840	76
assets/raw-cache/gdupt/official-19438/img-04-white.png	0.617816	0.377694	0.037356	0.011840	507
assets/raw-cache/gdupt/official-19438/img-04-white.png	0.721264	0.377694	0.037356	0.011840	522
assets/raw-cache/gdupt/official-19438/img-04-white.png	0.824713	0.377694	0.037356	0.011840	510
assets/raw-cache/gdupt/official-19438/img-04-white.png	0.913793	0.377694	0.066092	0.011840	152140
assets/raw-cache/gdupt/official-19438/img-04-white.png	0.031609	0.358950	0.037356	0.011715	广东
assets/raw-cache/gdupt/official-19438/img-04-white.png	0.172414	0.360356	0.120690	0.010309	信息与计算科学
assets/raw-cache/gdupt/official-19438/img-04-white.png	0.393678	0.358950	0.054598	0.013143	物理类
assets/raw-cache/gdupt/official-19438/img-04-white.png	0.520115	0.360356	0.028736	0.011737	76
assets/raw-cache/gdupt/official-19438/img-04-white.png	0.617816	0.360356	0.037356	0.010309	503
assets/raw-cache/gdupt/official-19438/img-04-white.png	0.721264	0.360356	0.037356	0.010309	523
assets/raw-cache/gdupt/official-19438/img-04-white.png	0.818966	0.360356	0.048851	0.011737	504.7
assets/raw-cache/gdupt/official-19438/img-04-white.png	0.916667	0.360356	0.063218	0.010309	158966
assets/raw-cache/gdupt/official-19438/img-04-white.png	0.028736	0.341570	0.043103	0.011757	广东
assets/raw-cache/gdupt/official-19438/img-04-white.png	0.146552	0.341570	0.163793	0.011757	思想政治教育（师范）
assets/raw-cache/gdupt/official-19438/img-04-white.png	0.396552	0.341570	0.051724	0.011757	物理类
assets/raw-cache/gdupt/official-19438/img-04-white.png	0.520115	0.343018	0.028736	0.010309	38
assets/raw-cache/gdupt/official-19438/img-04-white.png	0.617816	0.343018	0.037356	0.010309	513
assets/raw-cache/gdupt/official-19438/img-04-white.png	0.721264	0.341570	0.037356	0.011757	528
assets/raw-cache/gdupt/official-19438/img-04-white.png	0.818966	0.343018	0.048851	0.010309	515.6
assets/raw-cache/gdupt/official-19438/img-04-white.png	0.913532	0.342572	0.066613	0.011078	142049
assets/raw-cache/gdupt/official-19438/img-04-white.png	0.031609	0.322674	0.040230	0.011628	广东
assets/raw-cache/gdupt/official-19438/img-04-white.png	0.198043	0.322354	0.069431	0.013723	安全工程
assets/raw-cache/gdupt/official-19438/img-04-white.png	0.393678	0.324128	0.054598	0.011861	物理类
assets/raw-cache/gdupt/official-19438/img-04-white.png	0.520115	0.325581	0.025862	0.010407	66
assets/raw-cache/gdupt/official-19438/img-04-white.png	0.617816	0.324128	0.037356	0.011861	507
assets/raw-cache/gdupt/official-19438/img-04-white.png	0.721264	0.324128	0.037356	0.011861	528
assets/raw-cache/gdupt/official-19438/img-04-white.png	0.818886	0.325482	0.049011	0.010373	510.7
assets/raw-cache/gdupt/official-19438/img-04-white.png	0.913793	0.324128	0.066092	0.011861	152005
assets/raw-cache/gdupt/official-19438/img-04-white.png	0.031609	0.305061	0.040230	0.013253	广东
assets/raw-cache/gdupt/official-19438/img-04-white.png	0.155172	0.306467	0.155172	0.011847	过程装备与控制工程
assets/raw-cache/gdupt/official-19438/img-04-white.png	0.393678	0.305061	0.054598	0.013253	物理类
assets/raw-cache/gdupt/official-19438/img-04-white.png	0.514368	0.306467	0.037356	0.010394	120
assets/raw-cache/gdupt/official-19438/img-04-white.png	0.617816	0.306467	0.037356	0.011847	510
assets/raw-cache/gdupt/official-19438/img-04-white.png	0.721264	0.306467	0.037356	0.011847	529
assets/raw-cache/gdupt/official-19438/img-04-white.png	0.818966	0.306467	0.048851	0.011847	514.8
assets/raw-cache/gdupt/official-19438/img-04-white.png	0.913793	0.306467	0.063218	0.011847	146448
assets/raw-cache/gdupt/official-19438/img-04-white.png	0.031609	0.287723	0.040230	0.011715	广东
assets/raw-cache/gdupt/official-19438/img-04-white.png	0.172414	0.289128	0.120690	0.010309	能源与动力工程
assets/raw-cache/gdupt/official-19438/img-04-white.png	0.393678	0.287723	0.054598	0.013150	物理类
assets/raw-cache/gdupt/official-19438/img-04-white.png	0.517241	0.290534	0.034483	0.008903	176
assets/raw-cache/gdupt/official-19438/img-04-white.png	0.617816	0.289128	0.037356	0.010309	513
assets/raw-cache/gdupt/official-19438/img-04-white.png	0.721264	0.289128	0.037356	0.010309	538
assets/raw-cache/gdupt/official-19438/img-04-white.png	0.818966	0.289128	0.048851	0.010309	516.6
assets/raw-cache/gdupt/official-19438/img-04-white.png	0.913793	0.289128	0.066092	0.010309	142040
assets/raw-cache/gdupt/official-19438/img-04-white.png	0.031609	0.270349	0.040230	0.011751	广东
assets/raw-cache/gdupt/official-19438/img-04-white.png	0.198276	0.270349	0.068966	0.011751	生物工程
assets/raw-cache/gdupt/official-19438/img-04-white.png	0.393678	0.270349	0.054598	0.011751	物埋类
assets/raw-cache/gdupt/official-19438/img-04-white.png	0.522989	0.273196	0.022989	0.007498	55
assets/raw-cache/gdupt/official-19438/img-04-white.png	0.617816	0.271790	0.037356	0.010309	504
assets/raw-cache/gdupt/official-19438/img-04-white.png	0.721264	0.271790	0.037356	0.010309	516
assets/raw-cache/gdupt/official-19438/img-04-white.png	0.818966	0.271790	0.048851	0.010309	505.9
assets/raw-cache/gdupt/official-19438/img-04-white.png	0.913793	0.271790	0.066092	0.010309	158285
assets/raw-cache/gdupt/official-19438/img-04-white.png	0.031609	0.252907	0.040230	0.010174	广东
assets/raw-cache/gdupt/official-19438/img-04-white.png	0.198276	0.252907	0.068966	0.011854	生物技术
assets/raw-cache/gdupt/official-19438/img-04-white.png	0.393678	0.251453	0.057471	0.013308	物理类
assets/raw-cache/gdupt/official-19438/img-04-white.png	0.520115	0.254360	0.025862	0.008721	60
assets/raw-cache/gdupt/official-19438/img-04-white.png	0.617816	0.252907	0.037356	0.011854	504
assets/raw-cache/gdupt/official-19438/img-04-white.png	0.721264	0.252907	0.037356	0.011854	518
assets/raw-cache/gdupt/official-19438/img-04-white.png	0.818966	0.252907	0.048851	0.011854	505.5
assets/raw-cache/gdupt/official-19438/img-04-white.png	0.916626	0.255741	0.060427	0.008868	158171
assets/raw-cache/gdupt/official-19438/img-04-white.png	0.031609	0.233833	0.040230	0.011806	广东
assets/raw-cache/gdupt/official-19438/img-04-white.png	0.175228	0.235286	0.117935	0.010532	食品科学与工程
assets/raw-cache/gdupt/official-19438/img-04-white.png	0.393678	0.233833	0.057471	0.013260	物理类
assets/raw-cache/gdupt/official-19438/img-04-white.png	0.514368	0.235239	0.037356	0.010401	105
assets/raw-cache/gdupt/official-19438/img-04-white.png	0.617816	0.235239	0.037356	0.010401	504
assets/raw-cache/gdupt/official-19438/img-04-white.png	0.721264	0.235239	0.037356	0.010401	522
assets/raw-cache/gdupt/official-19438/img-04-white.png	0.818966	0.235239	0.048851	0.011854	505.4
assets/raw-cache/gdupt/official-19438/img-04-white.png	0.916667	0.236919	0.063218	0.008721	158327
assets/raw-cache/gdupt/official-19438/img-04-white.png	0.031609	0.216495	0.037356	0.011715	广东
assets/raw-cache/gdupt/official-19438/img-04-white.png	0.180956	0.216389	0.103604	0.011989	海洋油气工程
assets/raw-cache/gdupt/official-19438/img-04-white.png	0.396552	0.216495	0.051724	0.011715	物理类
assets/raw-cache/gdupt/official-19438/img-04-white.png	0.520115	0.217901	0.025862	0.010309	67
assets/raw-cache/gdupt/official-19438/img-04-white.png	0.617816	0.216495	0.040230	0.011715	514
assets/raw-cache/gdupt/official-19438/img-04-white.png	0.721264	0.217901	0.037356	0.010309	539
assets/raw-cache/gdupt/official-19438/img-04-white.png	0.818966	0.217901	0.048851	0.010309	516.7
assets/raw-cache/gdupt/official-19438/img-04-white.png	0.916667	0.219306	0.063218	0.008903	139358
assets/raw-cache/gdupt/official-19438/img-04-white.png	0.031609	0.199128	0.037356	0.011744	广东
assets/raw-cache/gdupt/official-19438/img-04-white.png	0.198276	0.199128	0.068966	0.011744	石油工程
assets/raw-cache/gdupt/official-19438/img-04-white.png	0.393678	0.199128	0.054598	0.011744	物理类
assets/raw-cache/gdupt/official-19438/img-04-white.png	0.522989	0.201968	0.022989	0.008903	93
assets/raw-cache/gdupt/official-19438/img-04-white.png	0.617816	0.200562	0.037356	0.010309	522
assets/raw-cache/gdupt/official-19438/img-04-white.png	0.721264	0.199128	0.037356	0.010338	550
assets/raw-cache/gdupt/official-19438/img-04-white.png	0.818966	0.200562	0.048851	0.010309	525.7
assets/raw-cache/gdupt/official-19438/img-04-white.png	0.916667	0.201968	0.063218	0.008903	126408
assets/raw-cache/gdupt/official-19438/img-04-white.png	0.031609	0.181686	0.037356	0.011847	广东
assets/raw-cache/gdupt/official-19438/img-04-white.png	0.180921	0.181422	0.103676	0.012157	油气储运工程
assets/raw-cache/gdupt/official-19438/img-04-white.png	0.393678	0.181686	0.054598	0.011847	物理类
assets/raw-cache/gdupt/official-19438/img-04-white.png	0.517241	0.184593	0.034483	0.007267	124
assets/raw-cache/gdupt/official-19438/img-04-white.png	0.617816	0.181686	0.037356	0.011847	516
assets/raw-cache/gdupt/official-19438/img-04-white.png	0.721264	0.181686	0.037356	0.011847	553
assets/raw-cache/gdupt/official-19438/img-04-white.png	0.816092	0.181686	0.051724	0.011847	521.1
assets/raw-cache/gdupt/official-19438/img-04-white.png	0.913793	0.181686	0.063218	0.011847	135345
assets/raw-cache/gdupt/official-19438/img-04-white.png	0.031609	0.162605	0.040230	0.011813	广东
assets/raw-cache/gdupt/official-19438/img-04-white.png	0.180925	0.162536	0.103668	0.012138	资源勘查工程
assets/raw-cache/gdupt/official-19438/img-04-white.png	0.393678	0.162605	0.054598	0.013267	物理类
assets/raw-cache/gdupt/official-19438/img-04-white.png	0.520115	0.164011	0.025862	0.011861	54
assets/raw-cache/gdupt/official-19438/img-04-white.png	0.617816	0.164011	0.037356	0.010407	509
assets/raw-cache/gdupt/official-19438/img-04-white.png	0.721264	0.164011	0.037356	0.011861	519
assets/raw-cache/gdupt/official-19438/img-04-white.png	0.816092	0.164011	0.051724	0.011861	511.5
assets/raw-cache/gdupt/official-19438/img-04-white.png	0.913793	0.164011	0.066092	0.011861	148162
assets/raw-cache/gdupt/official-19438/img-04-white.png	0.031609	0.145267	0.037356	0.011715	广东
assets/raw-cache/gdupt/official-19438/img-04-white.png	0.180985	0.145245	0.094926	0.011836	英语（师范）
assets/raw-cache/gdupt/official-19438/img-04-white.png	0.393678	0.145267	0.054598	0.011715	物理类
assets/raw-cache/gdupt/official-19438/img-04-white.png	0.520115	0.148079	0.028736	0.008903	69
assets/raw-cache/gdupt/official-19438/img-04-white.png	0.617816	0.146673	0.037356	0.010309	501
assets/raw-cache/gdupt/official-19438/img-04-white.png	0.721264	0.146673	0.037356	0.010309	531
assets/raw-cache/gdupt/official-19438/img-04-white.png	0.818966	0.146673	0.048851	0.011757	508.4
assets/raw-cache/gdupt/official-19438/img-04-white.png	0.913793	0.146673	0.066092	0.010309	162926
assets/raw-cache/gdupt/official-19438/img-04-white.png	0.031609	0.127907	0.040230	0.011737	广东
assets/raw-cache/gdupt/official-19438/img-04-white.png	0.212644	0.127907	0.040230	0.011737	法学
assets/raw-cache/gdupt/official-19438/img-04-white.png	0.393678	0.127907	0.054598	0.011737	物埋类
assets/raw-cache/gdupt/official-19438/img-04-white.png	0.517241	0.127907	0.028736	0.011737	34
assets/raw-cache/gdupt/official-19438/img-04-white.png	0.617816	0.127907	0.037356	0.011737	504
assets/raw-cache/gdupt/official-19438/img-04-white.png	0.721264	0.127907	0.037356	0.011737	531
assets/raw-cache/gdupt/official-19438/img-04-white.png	0.816092	0.127907	0.051724	0.011737	510.4
assets/raw-cache/gdupt/official-19438/img-04-white.png	0.913793	0.129335	0.066092	0.010309	158084
assets/raw-cache/gdupt/official-19438/img-04-white.png	0.031609	0.110465	0.037356	0.011840	广东
assets/raw-cache/gdupt/official-19438/img-04-white.png	0.158046	0.111919	0.143678	0.010387	汉语言文学（师范）
assets/raw-cache/gdupt/official-19438/img-04-white.png	0.393678	0.109012	0.054598	0.013294	物理类
assets/raw-cache/gdupt/official-19438/img-04-white.png	0.517241	0.110465	0.031609	0.010174	48
assets/raw-cache/gdupt/official-19438/img-04-white.png	0.617816	0.110465	0.037356	0.011840	503
assets/raw-cache/gdupt/official-19438/img-04-white.png	0.721264	0.110465	0.037356	0.011840	533
assets/raw-cache/gdupt/official-19438/img-04-white.png	0.818966	0.110465	0.048851	0.011840	513.4
assets/raw-cache/gdupt/official-19438/img-04-white.png	0.913793	0.110465	0.066092	0.011840	159107
assets/raw-cache/gdupt/official-19438/img-04-white.png	0.031609	0.091378	0.037356	0.011820	广东
assets/raw-cache/gdupt/official-19438/img-04-white.png	0.172326	0.091344	0.115118	0.012079	历史学（师范）
assets/raw-cache/gdupt/official-19438/img-04-white.png	0.393678	0.091378	0.054598	0.011820	物理类
assets/raw-cache/gdupt/official-19438/img-04-white.png	0.520115	0.093023	0.025862	0.010174	20
assets/raw-cache/gdupt/official-19438/img-04-white.png	0.617816	0.093023	0.037356	0.010174	500
assets/raw-cache/gdupt/official-19438/img-04-white.png	0.721264	0.093023	0.037356	0.010174	514
assets/raw-cache/gdupt/official-19438/img-04-white.png	0.818966	0.093023	0.048851	0.010174	502.6
assets/raw-cache/gdupt/official-19438/img-04-white.png	0.916667	0.094477	0.063218	0.008721	165116
assets/raw-cache/gdupt/official-19438/img-04-white.png	0.031609	0.074039	0.040230	0.011716	广东
assets/raw-cache/gdupt/official-19438/img-04-white.png	0.169540	0.075445	0.123563	0.010311	学前教育（师范）
assets/raw-cache/gdupt/official-19438/img-04-white.png	0.393678	0.074039	0.054598	0.011716	物埋类
assets/raw-cache/gdupt/official-19438/img-04-white.png	0.525862	0.075581	0.017241	0.011628	5
assets/raw-cache/gdupt/official-19438/img-04-white.png	0.617816	0.075445	0.037356	0.010311	502
assets/raw-cache/gdupt/official-19438/img-04-white.png	0.721264	0.075445	0.037356	0.010311	506
assets/raw-cache/gdupt/official-19438/img-04-white.png	0.818966	0.075445	0.048851	0.010311	504.2
assets/raw-cache/gdupt/official-19438/img-04-white.png	0.916642	0.076990	0.063267	0.008812	161294
assets/raw-cache/gdupt/official-19438/img-04-white.png	0.031609	0.056686	0.040230	0.010324	广东
assets/raw-cache/gdupt/official-19438/img-04-white.png	0.172371	0.056572	0.120775	0.011856	测控技术与仪器
assets/raw-cache/gdupt/official-19438/img-04-white.png	0.393466	0.055002	0.055023	0.013542	物理类
assets/raw-cache/gdupt/official-19438/img-04-white.png	0.520115	0.056686	0.025862	0.011730	75
assets/raw-cache/gdupt/official-19438/img-04-white.png	0.617816	0.056686	0.037356	0.011730	512
assets/raw-cache/gdupt/official-19438/img-04-white.png	0.721264	0.056686	0.037356	0.010324	529
assets/raw-cache/gdupt/official-19438/img-04-white.png	0.818966	0.056686	0.048851	0.011730	516.4
assets/raw-cache/gdupt/official-19438/img-04-white.png	0.913793	0.056686	0.063218	0.011730	142735
assets/raw-cache/gdupt/official-19438/img-04-white.png	0.031609	0.037791	0.040230	0.011628	广东
assets/raw-cache/gdupt/official-19438/img-04-white.png	0.117816	0.039244	0.224138	0.010174	电气工程及其自动化（卓越班）
assets/raw-cache/gdupt/official-19438/img-04-white.png	0.396552	0.037791	0.051724	0.013287	物理类
assets/raw-cache/gdupt/official-19438/img-04-white.png	0.514368	0.039244	0.037356	0.010174	154
assets/raw-cache/gdupt/official-19438/img-04-white.png	0.617816	0.039244	0.037356	0.010174	529
assets/raw-cache/gdupt/official-19438/img-04-white.png	0.721264	0.039244	0.037356	0.010174	549
assets/raw-cache/gdupt/official-19438/img-04-white.png	0.818830	0.039098	0.049121	0.011921	534.9
assets/raw-cache/gdupt/official-19438/img-04-white.png	0.913338	0.038577	0.064129	0.012961	113215
assets/raw-cache/gdupt/official-19438/img-04-white.png	0.031609	0.020150	0.040230	0.011827	广东
assets/raw-cache/gdupt/official-19438/img-04-white.png	0.172414	0.020150	0.120690	0.011827	智能科学与技术
assets/raw-cache/gdupt/official-19438/img-04-white.png	0.393678	0.020150	0.054598	0.011827	物埋类
assets/raw-cache/gdupt/official-19438/img-04-white.png	0.522989	0.023256	0.022989	0.008721	84
assets/raw-cache/gdupt/official-19438/img-04-white.png	0.617816	0.021802	0.037356	0.010174	504
assets/raw-cache/gdupt/official-19438/img-04-white.png	0.721264	0.021802	0.037356	0.010174	514
assets/raw-cache/gdupt/official-19438/img-04-white.png	0.824713	0.021802	0.037356	0.010174	506
assets/raw-cache/gdupt/official-19438/img-04-white.png	0.916667	0.023256	0.063218	0.008721	157097
assets/raw-cache/gdupt/official-19438/img-04-white.png	0.034483	0.004217	0.037356	0.008903	广东
assets/raw-cache/gdupt/official-19438/img-04-white.png	0.206897	0.002812	0.054598	0.011723	自动化
assets/raw-cache/gdupt/official-19438/img-04-white.png	0.393678	0.001406	0.057471	0.013129	物理类
assets/raw-cache/gdupt/official-19438/img-04-white.png	0.517241	0.005623	0.034483	0.007498	150
assets/raw-cache/gdupt/official-19438/img-04-white.png	0.617816	0.004217	0.037356	0.010317	523
assets/raw-cache/gdupt/official-19438/img-04-white.png	0.721264	0.004217	0.037356	0.010317	537
assets/raw-cache/gdupt/official-19438/img-04-white.png	0.818966	0.004217	0.048851	0.010317	525.8
assets/raw-cache/gdupt/official-19438/img-04-white.png	0.913793	0.004217	0.066092	0.010317	124552
assets/raw-cache/gdupt/official-19438/img-05-white.png	0.016642	0.928349	0.070420	0.052826	招生省份
assets/raw-cache/gdupt/official-19438/img-05-white.png	0.166667	0.923810	0.125926	0.057143	专业名称（方向）
assets/raw-cache/gdupt/official-19438/img-05-white.png	0.403704	0.923810	0.044444	0.057143	科类
assets/raw-cache/gdupt/official-19438/img-05-white.png	0.497901	0.921671	0.072717	0.061420	录取人数
assets/raw-cache/gdupt/official-19438/img-05-white.png	0.594444	0.923810	0.085185	0.057143	录取最低分
assets/raw-cache/gdupt/official-19438/img-05-white.png	0.698126	0.923594	0.085229	0.057573	录取最高分
assets/raw-cache/gdupt/official-19438/img-05-white.png	0.801793	0.923225	0.085303	0.058312	录取平均分
assets/raw-cache/gdupt/official-19438/img-05-white.png	0.912963	0.923810	0.068519	0.057143	最低排名
assets/raw-cache/gdupt/official-19438/img-05-white.png	0.035185	0.833333	0.037037	0.057143	广东
assets/raw-cache/gdupt/official-19438/img-05-white.png	0.175842	0.832180	0.116834	0.059450	国际经济与贸易
assets/raw-cache/gdupt/official-19438/img-05-white.png	0.398148	0.833333	0.053704	0.057143	历史类
assets/raw-cache/gdupt/official-19438/img-05-white.png	0.522222	0.838095	0.025926	0.052381	78
assets/raw-cache/gdupt/official-19438/img-05-white.png	0.620370	0.838095	0.035185	0.052381	523
assets/raw-cache/gdupt/official-19438/img-05-white.png	0.724074	0.838095	0.033333	0.052381	531
assets/raw-cache/gdupt/official-19438/img-05-white.png	0.818519	0.833333	0.050000	0.057143	525.2
assets/raw-cache/gdupt/official-19438/img-05-white.png	0.922186	0.837846	0.053777	0.052879	40375
assets/raw-cache/gdupt/official-19438/img-05-white.png	0.033333	0.742857	0.038889	0.057143	广东
assets/raw-cache/gdupt/official-19438/img-05-white.png	0.209259	0.747619	0.051852	0.052381	会计学
assets/raw-cache/gdupt/official-19438/img-05-white.png	0.398148	0.742857	0.053704	0.057143	历史类
assets/raw-cache/gdupt/official-19438/img-05-white.png	0.522222	0.747619	0.025926	0.052381	80
assets/raw-cache/gdupt/official-19438/img-05-white.png	0.616667	0.742857	0.038889	0.061905	526
assets/raw-cache/gdupt/official-19438/img-05-white.png	0.720370	0.742857	0.038889	0.057143	543
assets/raw-cache/gdupt/official-19438/img-05-white.png	0.816549	0.742199	0.052088	0.063222	529.6
assets/raw-cache/gdupt/official-19438/img-05-white.png	0.922222	0.742857	0.053704	0.057143	38434
assets/raw-cache/gdupt/official-19438/img-05-white.png	0.033333	0.652381	0.038889	0.057143	广东
assets/raw-cache/gdupt/official-19438/img-05-white.png	0.199957	0.652033	0.070455	0.057839	市场菅销
assets/raw-cache/gdupt/official-19438/img-05-white.png	0.398148	0.652381	0.053704	0.057143	历史类
assets/raw-cache/gdupt/official-19438/img-05-white.png	0.522222	0.652381	0.025926	0.057143	60
assets/raw-cache/gdupt/official-19438/img-05-white.png	0.618519	0.652381	0.037037	0.057143	523
assets/raw-cache/gdupt/official-19438/img-05-white.png	0.720370	0.652381	0.038889	0.057143	530
assets/raw-cache/gdupt/official-19438/img-05-white.png	0.824074	0.652381	0.038889	0.061905	525
assets/raw-cache/gdupt/official-19438/img-05-white.png	0.922222	0.652381	0.051852	0.057143	40401
assets/raw-cache/gdupt/official-19438/img-05-white.png	0.035185	0.561905	0.037037	0.057143	广东
assets/raw-cache/gdupt/official-19438/img-05-white.png	0.166667	0.561905	0.127778	0.057143	地理科学（师范）
assets/raw-cache/gdupt/official-19438/img-05-white.png	0.395833	0.563830	0.054167	0.064742	历史类
assets/raw-cache/gdupt/official-19438/img-05-white.png	0.522222	0.561905	0.025926	0.057143	55
assets/raw-cache/gdupt/official-19438/img-05-white.png	0.620370	0.561905	0.035185	0.057143	523
assets/raw-cache/gdupt/official-19438/img-05-white.png	0.724074	0.561905	0.035185	0.061905	529
assets/raw-cache/gdupt/official-19438/img-05-white.png	0.818434	0.561411	0.050170	0.058131	524.9
assets/raw-cache/gdupt/official-19438/img-05-white.png	0.922167	0.561563	0.053813	0.057827	40832
assets/raw-cache/gdupt/official-19438/img-05-white.png	0.033333	0.471429	0.038889	0.057143	广东
assets/raw-cache/gdupt/official-19438/img-05-white.png	0.150000	0.471429	0.161111	0.057143	思根政治教育（师范）
assets/raw-cache/gdupt/official-19438/img-05-white.png	0.396296	0.471429	0.055556	0.057143	历史类
assets/raw-cache/gdupt/official-19438/img-05-white.png	0.520370	0.471429	0.027778	0.057143	54
assets/raw-cache/gdupt/official-19438/img-05-white.png	0.616667	0.471429	0.038889	0.061905	526
assets/raw-cache/gdupt/official-19438/img-05-white.png	0.722222	0.471429	0.037037	0.057143	544
assets/raw-cache/gdupt/official-19438/img-05-white.png	0.816588	0.470993	0.052008	0.062776	528.8
assets/raw-cache/gdupt/official-19438/img-05-white.png	0.920370	0.471429	0.055556	0.057143	38430
assets/raw-cache/gdupt/official-19438/img-05-white.png	0.033333	0.380952	0.038889	0.057143	广东
assets/raw-cache/gdupt/official-19438/img-05-white.png	0.183333	0.380952	0.094444	0.057143	英语（师范）
assets/raw-cache/gdupt/official-19438/img-05-white.png	0.395833	0.382979	0.054167	0.064640	历史类
assets/raw-cache/gdupt/official-19438/img-05-white.png	0.518519	0.380952	0.033333	0.057143	136
assets/raw-cache/gdupt/official-19438/img-05-white.png	0.618519	0.380952	0.035185	0.057143	521
assets/raw-cache/gdupt/official-19438/img-05-white.png	0.722222	0.380952	0.037037	0.057143	537
assets/raw-cache/gdupt/official-19438/img-05-white.png	0.824074	0.380952	0.038889	0.061905	523
assets/raw-cache/gdupt/official-19438/img-05-white.png	0.922222	0.380952	0.051852	0.057143	42071
assets/raw-cache/gdupt/official-19438/img-05-white.png	0.035185	0.290476	0.037037	0.057143	广东
assets/raw-cache/gdupt/official-19438/img-05-white.png	0.216667	0.290476	0.037037	0.057143	法学
assets/raw-cache/gdupt/official-19438/img-05-white.png	0.396296	0.290476	0.055556	0.057143	历史类
assets/raw-cache/gdupt/official-19438/img-05-white.png	0.522222	0.290476	0.025926	0.057143	52
assets/raw-cache/gdupt/official-19438/img-05-white.png	0.618519	0.290476	0.037037	0.057143	528
assets/raw-cache/gdupt/official-19438/img-05-white.png	0.722222	0.290476	0.037037	0.057143	551
assets/raw-cache/gdupt/official-19438/img-05-white.png	0.816667	0.290476	0.051852	0.061905	531.7
assets/raw-cache/gdupt/official-19438/img-05-white.png	0.920183	0.289251	0.055930	0.059593	37314
assets/raw-cache/gdupt/official-19438/img-05-white.png	0.033333	0.200000	0.038889	0.052381	广东
assets/raw-cache/gdupt/official-19438/img-05-white.png	0.157407	0.200000	0.144444	0.057143	汉语言文学（师范）
assets/raw-cache/gdupt/official-19438/img-05-white.png	0.395833	0.202128	0.054167	0.064539	历史类
assets/raw-cache/gdupt/official-19438/img-05-white.png	0.518519	0.200000	0.033333	0.057143	111
assets/raw-cache/gdupt/official-19438/img-05-white.png	0.618519	0.200000	0.037037	0.057143	523
assets/raw-cache/gdupt/official-19438/img-05-white.png	0.722222	0.200000	0.037037	0.057143	546
assets/raw-cache/gdupt/official-19438/img-05-white.png	0.816601	0.199602	0.051984	0.057938	528.1
assets/raw-cache/gdupt/official-19438/img-05-white.png	0.918249	0.193544	0.057947	0.065293	40604
assets/raw-cache/gdupt/official-19438/img-05-white.png	0.033333	0.109524	0.038889	0.057143	广东
assets/raw-cache/gdupt/official-19438/img-05-white.png	0.174074	0.109524	0.111111	0.057143	历史学（师范）
assets/raw-cache/gdupt/official-19438/img-05-white.png	0.396296	0.109524	0.053704	0.057143	历史类
assets/raw-cache/gdupt/official-19438/img-05-white.png	0.522222	0.109524	0.025926	0.057143	73
assets/raw-cache/gdupt/official-19438/img-05-white.png	0.620370	0.109524	0.035185	0.057143	521
assets/raw-cache/gdupt/official-19438/img-05-white.png	0.724074	0.109524	0.035185	0.057143	535
assets/raw-cache/gdupt/official-19438/img-05-white.png	0.818519	0.109524	0.050000	0.057143	522.8
assets/raw-cache/gdupt/official-19438/img-05-white.png	0.922222	0.109524	0.053704	0.057143	41928
assets/raw-cache/gdupt/official-19438/img-05-white.png	0.395833	0.030952	0.054167	0.054762	历史类
assets/raw-cache/gdupt/official-19438/img-05-white.png	0.033333	0.019048	0.038889	0.052381	广东
assets/raw-cache/gdupt/official-19438/img-05-white.png	0.166667	0.019048	0.127778	0.052381	学前教育（师范）
assets/raw-cache/gdupt/official-19438/img-05-white.png	0.522222	0.014286	0.025926	0.061905	22
assets/raw-cache/gdupt/official-19438/img-05-white.png	0.618519	0.014286	0.037037	0.061905	521
assets/raw-cache/gdupt/official-19438/img-05-white.png	0.722222	0.019048	0.037037	0.057143	530
assets/raw-cache/gdupt/official-19438/img-05-white.png	0.816667	0.019048	0.051852	0.057143	522.6
assets/raw-cache/gdupt/official-19438/img-05-white.png	0.922222	0.019048	0.053704	0.057143	42016
